日期,预测负载MAE_kW,预测光伏MAE_kW,预测净负荷MAE_kWh,计划购电量_kWh,计划购电费_元,紧急购电量_kWh,紧急购电费_元,总购电费_元,弃光量_kWh,弃光率,未利用外网电量_kWh,期初SOC_kWh,期末SOC_kWh,正向备用缺口_kWh,反向备用缺口_kWh,优化目标值,计划终端SOC偏差_kWh
2025-02-01,418.6785685674723,65.81285101751502,73.66976131598295,51159.089899136634,33391.77090558388,0.0,0.0,33391.77090558388,11574.2966821115,0.2760581082297306,3244.4277819466174,10800.0,10800.0,0.0,509.3773363510736,35429.28038083223,0.0
2025-02-02,114.34022604382032,122.9158154063435,28.73180445198318,86046.30115782132,61258.01075473125,0.0,0.0,61258.01075473125,5323.115081054631,0.12279475363997505,1258.4728311981694,10800.0,9145.54543634523,0.0,513.4119625912572,63311.65862446368,0.0
2025-02-03,118.63858733080608,81.9537028403322,27.482208191991194,88775.35262162742,63029.42045864089,0.0,0.0,63029.42045864089,4436.38600930227,0.10466420004415923,1306.658689493516,9145.54543634523,9416.981925176073,0.0,0.0,63029.42045864089,0.0
2025-02-04,168.5508183086614,88.58490906664812,29.817122664434855,89423.02341746016,63433.25722026371,0.0,0.0,63433.25722026371,4408.128813358482,0.10915739722868219,1135.2792927475302,9416.981925176073,9374.880527318426,0.0,0.0,63433.25722026371,0.0
2025-02-05,123.00647605358432,90.12483275898826,26.30154938405527,88420.60291104164,62630.07396294535,0.0,0.0,62630.07396294535,3921.5153515909296,0.095083963887272,1180.3695328719964,9374.880527318426,9207.60145597578,0.0,0.0,62630.07396294535,0.0
2025-02-06,131.77351106583788,66.00611143804498,28.47876553734467,89122.40347263817,63135.334227194166,0.0,0.0,63135.334227194166,4962.908109451036,0.11821766131007032,1286.4571539002814,9207.60145597578,9059.145104860614,0.0,0.0,63135.334227194166,0.0
2025-02-07,570.8220168932233,165.10015016964246,113.98605933818686,53893.77803882827,34725.41689394759,0.0,0.0,34725.41689394759,15015.589395153838,0.33847164073757224,3575.7986528186825,9059.145104860614,10510.981030240868,0.0,0.0,34725.41691080711,0.0
2025-02-08,360.95170021337367,117.0723695647386,70.29912023958225,48929.9370999253,31074.943770896207,0.0,0.0,31074.943770896207,14019.363932935408,0.3173983024853634,1669.7193730477538,10510.981030240868,10177.627262080132,0.0,219.2237135403575,31951.838935736552,0.0
2025-02-09,152.19706684398182,118.27652551098228,34.02995132129962,80251.42961319548,56125.341992679256,0.0,0.0,56125.341992679256,0.0,0.0,0.0,10177.627262080132,7734.733285830179,0.0,0.0,56125.342001097364,0.0
2025-02-10,113.46413090476592,208.87231574126957,48.0330531363353,87564.25711485883,60896.33014335358,0.0,0.0,60896.33014335358,8659.166651413843,0.18364785624802318,1398.1437614588021,7734.733285830179,8198.545626964655,0.0,0.0,60896.330143353574,0.0
2025-02-11,92.62490289163219,130.7161780696639,31.2730854310884,85522.40965373431,59487.78494660478,0.0,0.0,59487.78494660478,6205.967251415758,0.13426818146004657,1491.243385397706,8198.545626964655,8112.912723198451,0.0,0.0,59487.784946604785,0.0
2025-02-12,104.64679075473961,130.128322244091,33.934076132858536,85407.56616457287,59392.584180544116,0.0,0.0,59392.584180544116,6262.586695786218,0.1358563645043205,1088.4897203021,8112.912723198451,8165.413576878693,0.0,0.0,59392.584180544116,0.0
2025-02-13,108.81853761294114,257.04446281640116,56.982611019437705,84868.8419407689,59047.31913715962,0.0,0.0,59047.31913715962,9435.422370507851,0.18878092153862125,1450.7984349309422,8165.413576878693,8254.484185131092,0.0,0.0,59047.31913715961,0.0
2025-02-14,523.9471180933846,111.80931052549043,88.94080920509637,51336.119903323066,32190.62378445669,0.0,0.0,32190.62378445669,15610.757255666435,0.3388424992003061,1714.9915484004484,8254.484185131092,10451.23849905673,0.0,0.0,32190.62412082793,0.0
2025-02-15,333.76164339484353,87.11535270985038,66.4662036536494,46264.70256472222,28843.495039641828,0.0,0.0,28843.495039641828,14676.610319893774,0.3137740116947082,1155.595825406285,10451.23849905673,9482.649659992307,0.0,54.63807048295166,29062.047733653708,0.0
2025-02-16,176.48950067768718,99.859209368649,30.76162777842613,77200.3633541012,53323.89864686174,0.0,0.0,53323.89864686174,655.5305193529728,0.014281835686984367,286.45364910835457,9482.649659992307,7507.96286116501,0.0,0.0,53323.898646861744,0.0
2025-02-17,99.60386661916442,163.55379634593484,39.213916327106666,81953.50608869814,56521.660456699945,0.0,0.0,56521.660456699945,6781.212941660189,0.13623319492149627,864.7884610358576,7507.96286116501,8078.994687740421,0.0,0.0,56521.66045669995,0.0
2025-02-18,106.08787337502443,108.49716457636184,28.079387221264735,80125.2157512996,55398.185689609,0.0,0.0,55398.185689609,4353.373317441918,0.08841152765648795,706.8229398267124,8078.994687740421,8377.646589391275,0.0,0.0,55398.185689608996,0.0
2025-02-19,95.42109523178026,109.73873873005242,28.41166669957072,79905.72342294955,55354.655233077036,0.0,0.0,55354.655233077036,4140.234562379686,0.08451620053997362,846.3685748671603,8377.646589391275,7773.404605124703,0.0,0.0,55354.655233077036,0.0
2025-02-20,109.4423669877663,135.12258754686502,35.43874024134456,79578.11928991275,54872.54414221276,0.0,0.0,54872.54414221276,4824.16595635683,0.09626744266006447,611.1965331596691,7773.404605124703,8321.49814686634,0.0,0.0,54872.54414221276,0.0
2025-02-21,522.0452264660289,117.38169293794164,105.6161137672093,48964.777953965866,30511.63961351831,0.0,0.0,30511.63961351831,17902.630492506025,0.3563298264054156,1406.5827680546863,8321.49814686634,10416.280857828539,0.0,0.0,30511.639970671033,0.0
2025-02-22,353.4150808250842,69.28181622437715,55.751512615984424,44480.809476794035,27495.445140132564,0.0,0.0,27495.445140132564,14109.814266956835,0.29495312982298816,948.4063744870239,10416.280857828539,9799.813904843442,0.0,0.0,27495.44574571604,0.0
2025-02-23,189.50956915700428,132.72928069877202,29.85079772408796,73181.17208198668,50443.2942198394,0.0,0.0,50443.2942198394,911.2693291301537,0.018368555790415297,273.5174000352028,9799.813904843442,7404.4927873704155,0.0,0.0,50443.2942198394,0.0
2025-02-24,109.04648357876194,151.5595296816337,36.376451802435234,77928.80532177589,53332.1379085093,0.0,0.0,53332.1379085093,5809.121331899798,0.11080620923904731,511.3577642396598,7404.4927873704155,8198.513235272685,0.0,0.0,53332.1379085093,0.0
2025-02-25,100.87388739740338,234.27216719833146,48.866256600685816,76188.48026115148,52430.70893316955,0.0,0.0,52430.70893316955,7385.297340490463,0.13361731167830737,641.5712653130296,8198.513235272685,8029.169608399881,0.0,0.0,52430.708933169546,0.0
2025-02-26,110.2697880937251,107.54301649123883,26.631992247151413,75688.9165645955,52093.08109846436,0.0,0.0,52093.08109846436,3434.129099528923,0.06573013412101791,529.8347278789665,8029.169608399881,8337.842854751454,0.0,0.0,52093.08109846437,0.0
2025-02-27,101.80303570946077,171.2221263959068,38.66357894260922,75477.41364766931,50998.410569103835,0.0,0.0,50998.410569103835,5196.423398548306,0.09687065650863766,456.51673761323275,8337.842854751454,8295.736564338513,0.0,0.0,50998.410569103835,0.0
2025-02-28,536.0389719263206,124.07686286783405,97.4878758248837,45854.37693926436,28040.937177205713,0.0,0.0,28040.937177205713,16938.155508792748,0.32515526854262866,1357.6083709475547,8295.736564338513,10320.894723751542,0.0,0.0,28040.93762929858,0.0
2025-03-01,478.9158516913865,139.40048012829664,70.94057474016603,41010.99905007891,24755.748019186693,0.0,0.0,24755.748019186693,14661.223975012115,0.3017619638863144,1114.4485759810668,10320.894723751542,9554.819217659115,0.0,0.0,24755.748559454827,0.0
2025-03-02,157.59083865738089,214.70244185286776,56.39855806133849,69469.14911449708,46371.32893283629,2249.4658402415316,14895.784052603856,61267.112985440144,21.54266419518035,0.00047344319169571766,0.0,9554.819217659115,5985.600184396353,0.0,0.0,46371.32893283629,0.0
2025-03-03,162.27357442256013,162.4616497087251,34.04610186340078,77182.34812645944,50837.457931683944,0.0,0.0,50837.457931683944,0.0,0.0,37.183767510421376,5985.600184396353,7496.972539072196,0.0,0.0,50837.457931683944,0.0
2025-03-04,141.38831144796455,106.09484641508656,27.193508319963772,74812.18637152936,50030.314016385935,0.0,0.0,50030.314016385935,1661.263936968728,0.033945211147280226,499.5737899904188,7496.972539072196,7819.5174177871795,0.0,0.0,50030.314016385935,0.0
2025-03-05,148.75629955069857,145.30162762823772,42.17157359261981,74328.78587895818,49525.6959969026,0.0,0.0,49525.6959969026,4823.399384154933,0.09285951911221364,373.3276890566145,7819.5174177871795,7848.920305802281,0.0,0.0,49525.6959969026,0.0
2025-03-06,157.82332994079263,89.23643692172456,34.72735006009097,72867.36959430916,48741.2527298893,0.0,0.0,48741.2527298893,3586.16734038896,0.06932076611579088,374.75434561662473,7848.920305802281,7928.340475153066,0.0,0.0,48741.2527298893,0.0
2025-03-07,655.7518485938648,100.78883441387127,109.25766388374637,43727.75586010221,26216.6854419319,0.0,0.0,26216.6854419319,16623.626955674732,0.32750703519508867,1437.5247893058327,7928.340475153066,10369.350693455901,0.0,0.0,26216.685822062085,0.0
2025-03-08,379.01834210225803,154.647544194636,87.86664469633699,38081.39266101121,22785.269608303563,0.0,0.0,22785.269608303563,16410.155177603443,0.3079893205303857,825.4289603017075,10369.350693455901,9683.15307204904,0.0,0.0,22785.27012197756,0.0
2025-03-09,172.5396300796081,192.60771541505224,34.522221852669844,65958.42439987825,43983.46522071303,0.0,0.0,43983.46522071303,1751.1023988872316,0.032213387553478634,209.9312751033764,9683.15307204904,7210.0049952310765,0.0,0.0,43983.465220713035,0.0
2025-03-10,122.29733189715742,137.40583668147264,36.34292488257477,71639.96213401247,47784.20645328195,0.0,0.0,47784.20645328195,0.0,0.0,0.0,7210.0049952310765,7759.726827611551,0.0,0.0,47784.20645328195,0.0
2025-03-11,112.73680591981248,165.07753540400205,41.42170764805624,71507.91417765885,47578.86312472693,0.0,0.0,47578.86312472693,4056.8370418118193,0.0757428866590785,280.7090935527569,7759.726827611551,8218.875763252885,0.0,0.0,47578.86312472694,0.0
2025-03-12,101.17382888528608,147.14426684690702,37.871726595289005,69092.71403885153,46086.10631064801,0.0,0.0,46086.10631064801,4196.16376261794,0.07536660040159976,233.61018229649065,8218.875763252885,7733.188020119942,0.0,0.0,46086.10631064801,0.0
2025-03-13,105.49315497740126,224.07536386688324,49.16755099440396,68535.5609473899,45640.84256032362,285.270296364057,1956.9479257765379,47597.79048610016,0.0,0.0,0.0,7733.188020119942,6054.298595338098,0.0,0.0,45640.84256032362,0.0
2025-03-14,567.3556317225816,215.53288850133262,126.23175508348407,43389.40921563364,25575.094578498618,0.0,0.0,25575.094578498618,19381.162112833128,0.34560190129479695,964.4994629466082,6054.298595338098,10469.361800022181,0.0,0.0,25575.094998847246,0.0
2025-03-15,363.37785892092955,194.33992887785612,63.1872076243674,36313.114980853396,21581.606477067107,0.0,0.0,21581.606477067107,13576.203206840963,0.2620845308203805,556.1217020870934,10469.361800022181,9136.916988176534,0.0,0.0,21581.607218679852,0.0
2025-03-16,193.53272382039242,158.7325240806663,43.28327044935509,62903.54794320755,41878.450529604874,0.0,0.0,41878.450529604874,0.0,0.0,0.0,9136.916988176534,5785.921376123347,0.0,0.0,41878.45052960488,0.0
2025-03-17,113.51339775006564,304.3560726275214,59.766663575477274,70872.36283520563,46587.76198478174,0.0,0.0,46587.76198478174,7688.189977269277,0.1284887936934538,262.62985145779857,5785.921376123347,8203.950281079502,0.0,0.0,46587.76198478173,0.0
2025-03-18,108.0341944345508,130.07826817675723,32.34663450804833,65270.936095987534,43608.955861820534,0.0,0.0,43608.955861820534,1104.6679631475922,0.019681415486754755,229.89900503167934,8203.950281079502,7980.790195061817,0.0,0.0,43608.95586182053,0.0
2025-03-19,108.86613689260984,150.23379901453438,33.04454272482453,66089.2843496188,44258.460050175214,0.0,0.0,44258.460050175214,3254.1913869805394,0.05628522310795033,263.6989071734421,7980.790195061817,8224.875984669721,0.0,0.0,44258.46005017521,0.0
2025-03-20,110.72527289406035,91.60416144575794,26.925908666753024,66072.56003473373,44320.086570305895,0.0,0.0,44320.086570305895,964.2504194085594,0.017392866318911075,293.0345265809668,8224.875984669721,8050.237523884005,0.0,0.0,44320.086570305895,0.0
2025-03-21,543.3218462426404,234.64061529824207,128.60755386911686,40183.09732188482,24050.627534665527,0.0,0.0,24050.627534665527,22763.251910977742,0.37587890462311596,902.0500674545096,8050.237523884005,10181.521422115307,0.0,0.0,24050.628228036472,0.0
2025-03-22,389.14115489820637,114.24063830825793,70.47496665653108,35500.70073837127,21116.247374347804,0.0,0.0,21116.247374347804,16850.54328877022,0.30060340573373856,502.0578740120978,10181.521422115307,9861.452624467505,0.0,0.0,21116.248262338853,0.0
2025-03-23,190.16582593617665,214.3844512623105,42.019705927159805,59117.72915880999,39738.85447416906,0.0,0.0,39738.85447416906,0.0,0.0,0.0,9861.452624467505,7026.887327674425,0.0,0.0,39738.85447416906,0.0
2025-03-24,92.69533548441144,151.8795022661499,35.365788667971266,64061.318274984886,42704.782214227445,0.0,0.0,42704.782214227445,1924.1043611094706,0.03237779008495589,204.93307649823282,7026.887327674425,8028.4797047197535,0.0,0.0,42704.782214227445,0.0
2025-03-25,108.4044607409451,141.6970213235421,33.87825261722921,63276.13828726504,42576.29150156131,0.0,0.0,42576.29150156131,0.0,0.0,0.0,8028.4797047197535,7483.135385577335,0.0,0.0,42576.29150156131,0.0
2025-03-26,96.78896406502983,253.9118958810755,49.787524645474484,63943.64478828129,42836.46543659222,0.0,0.0,42836.46543659222,5025.8283526925115,0.08091548253568799,276.7779167022899,7483.135385577335,7867.896459012051,0.0,0.0,42836.46543659222,0.0
2025-03-27,102.83568685574566,122.07253654882753,30.8910102753485,62814.22798453761,42253.995301034374,0.0,0.0,42253.995301034374,994.3580113640361,0.016786490908257325,343.3650450721047,7867.896459012051,7856.4803739550935,0.0,0.0,42253.995301034374,0.0
2025-03-28,567.5407867269666,156.10355508381588,117.51360104607359,39187.669762492995,23313.02808851764,0.0,0.0,23313.02808851764,22581.382253068605,0.3697629641585891,755.2897189616801,7856.4803739550935,10481.198408187633,0.0,0.0,23313.02893228704,0.0
2025-03-29,348.050939789059,307.12084304707815,108.40279338008915,34450.0660842591,20415.508486953364,0.0,0.0,20415.508486953364,24709.575800608283,0.3836231327807678,425.9584387000095,10481.198408187633,9537.928579760423,0.0,0.0,20415.509535251083,0.0
2025-03-30,217.59449498540465,197.55941068823188,34.12420200877232,56508.81862390452,37943.63996490751,0.0,0.0,37943.63996490751,86.70080277202925,0.0013839116912965418,15.543683518231866,9537.928579760423,7368.595451967204,0.0,0.0,37943.64011365864,0.0
2025-03-31,102.41055912154863,176.83822483782876,39.671841444918606,61963.26688104855,41504.70976648854,0.0,0.0,41504.70976648854,1301.9922597279087,0.02165501763115739,244.14111881808194,7368.595451967204,8206.595598194443,0.0,0.0,41504.70982746995,0.0
2025-04-01,109.95650296378885,193.15849007950976,43.10733105802203,61713.72639533772,41462.8287223472,0.0,0.0,41462.8287223472,0.0,0.0,0.0,8206.595598194443,7018.3668849214955,0.0,0.0,41462.8287223472,0.0
2025-04-02,95.382570960602,241.14751444111477,45.46354576965689,62280.02319130933,41544.86459909676,180.4134935478114,1205.6142823445105,42750.478881441275,0.0,0.0,0.0,7018.3668849214955,6125.324096438999,0.0,0.0,41544.864599096756,0.0
2025-04-03,104.81144478684071,191.38172931859953,39.53641395297652,64242.09669320629,42619.406339634515,0.0,0.0,42619.406339634515,3483.1032729661993,0.056160130249042414,99.76909359970033,6125.324096438999,8095.8812700584685,0.0,0.0,42619.406339634515,0.0
2025-04-04,503.5739474072045,247.46585462804958,124.74710015110001,38018.54261451184,22460.964323152373,0.0,0.0,22460.964323152373,26500.397370430503,0.40579462270891936,470.39192552201246,8095.8812700584685,10374.665796459443,0.0,0.0,22460.96536870246,0.0
2025-04-05,290.5729215049479,147.46451233829964,55.142169869306954,33830.82395686143,19981.814527916267,0.0,0.0,19981.814527916267,19978.641009544455,0.32990577572208535,186.6772753615738,10374.665796459443,9456.729747420077,0.0,0.0,19981.81593632843,0.0
2025-04-06,167.05554962646042,151.54800356895197,28.449252442433185,56871.16364689188,38044.422844956636,0.0,0.0,38044.422844956636,1378.7526853873605,0.021956284830156974,79.22028115415623,9456.729747420077,7412.803228303184,0.0,0.0,38044.42297499131,0.0
2025-04-07,93.02339461611008,209.7138034403273,44.177308364761245,60930.33957426796,40682.256282676724,0.0,0.0,40682.256282676724,4236.237332108298,0.06642741720375203,100.2838645800045,7412.803228303184,8146.4642628824195,0.0,0.0,40682.25632430994,0.0
2025-04-08,96.35670730313626,204.26484993992656,43.83012229589926,60422.644909544346,40436.90840115002,0.0,0.0,40436.90840115002,3425.3570523738545,0.05406173969865393,50.33624067449887,8146.4642628824195,7894.058794580542,0.0,0.0,40436.908401150016,0.0
2025-04-09,96.93135372671702,168.98077623349457,37.556689200657054,61111.899886244166,41055.32157775725,0.0,0.0,41055.32157775725,0.0,0.0,0.0,7894.058794580542,7291.93747636627,0.0,0.0,41055.321629423175,0.0
2025-04-10,99.76153983867525,200.88790807547022,42.05786905887116,61581.85133956094,41114.372829747976,0.0,0.0,41114.372829747976,3334.005588666656,0.05274652381129081,130.59163411768156,7291.93747636627,8190.782221546578,0.0,0.0,41114.3728411053,0.0
2025-04-11,446.6844196267221,240.66914249371004,113.6246226661013,36569.619284515225,21619.384329807915,0.0,0.0,21619.384329807915,26518.803773496023,0.3971346481953706,350.29339091991307,8190.782221546578,10078.403083450788,0.0,0.0,21619.38548818726,0.0
2025-04-12,307.47432566438823,178.3625573148097,69.35526132116746,32982.903587144545,19471.833373520076,0.0,0.0,19471.833373520076,21535.676638596637,0.34220541904549107,224.47654573364497,10078.403083450788,9663.304336664374,0.0,0.0,19471.83463332348,0.0
2025-04-13,193.743282762718,131.22006191997966,33.506306824360095,55409.82387012811,36928.01267452316,0.0,0.0,36928.01267452316,38.532783741876855,0.0006115664122845406,10.2985898921403,9663.304336664374,7605.561060758095,0.0,0.0,36928.01281581953,0.0
2025-04-14,108.0094018846766,200.58915685460366,37.814880423422096,59585.77941816267,39609.14012466557,0.0,0.0,39609.14012466557,3778.1182805330263,0.057792950910609535,74.64528256266304,7605.561060758095,8076.524526630503,0.0,0.0,39609.14019838236,0.0
2025-04-15,104.53380488805578,272.5236763344294,54.23188569774605,59513.38315845942,39787.51537901142,0.0,0.0,39787.51537901142,6588.748920708067,0.09846080996670882,119.07932622895532,8076.524526630503,8197.244228586424,0.0,0.0,39787.51548986136,0.0
2025-04-16,94.62199753854838,157.5126121725567,32.17673079186035,59223.47959904009,39513.45013348563,0.0,0.0,39513.45013348563,613.7777398361118,0.00987649601529522,125.30111792134609,8197.244228586424,8107.348211587497,0.0,0.0,39513.45017824125,0.0
2025-04-17,84.41272745959544,165.74675194223568,32.948708872500085,59255.45800944877,39625.33559607462,0.0,0.0,39625.33559607462,3364.7199434149497,0.05207037480886612,135.54789500514,8107.348211587497,8293.195738836414,0.0,0.0,39625.33562442334,0.0
2025-04-18,445.3304606808595,139.7819305548411,90.25146385944396,35210.32167601752,20760.74396939202,0.0,0.0,20760.74396939202,23866.992265443696,0.36641754407181615,387.9250900673285,8293.195738836414,10355.118136975947,0.0,0.0,20760.745189113244,0.0
2025-04-19,281.99211934401256,185.51692762662708,70.41329484404609,31365.276741799,18438.057839901507,0.0,0.0,18438.057839901507,22440.885700627154,0.3446043003286499,105.81721220791476,10355.118136975947,9597.657613820245,0.0,0.0,18438.05917256929,0.0
2025-04-20,164.96108561693504,172.38017258561126,30.382975687204894,54481.41332877385,36196.85259796667,0.0,0.0,36196.85259796667,1048.6534770126432,0.016073763462206434,5.227397450108412,9597.657613820245,7845.585629119604,0.0,0.0,36196.85275591197,0.0
2025-04-21,114.28910966860099,293.9018590844113,52.682352975045106,58191.81938893687,38556.754305839306,0.0,0.0,38556.754305839306,6731.545832356359,0.09621342171819879,161.30502968234384,7845.585629119604,7953.11081034943,0.0,0.0,38556.75440207197,0.0
2025-04-22,107.36307745077394,149.8165763568503,33.85546040081163,57347.528264591376,37929.28275995293,0.0,0.0,37929.28275995293,2280.949491793347,0.03473981846764085,6.936670928379726,7953.11081034943,8047.564529962001,0.0,0.0,37929.282946356514,0.0
2025-04-23,103.28363324600681,195.17083868548136,37.50190822778072,58137.05921953541,38419.9280280048,0.0,0.0,38419.9280280048,3707.3841292562006,0.0556408652744518,17.16016092994691,8047.564529962001,8303.128175685757,0.0,0.0,38419.92804918844,0.0
2025-04-24,89.12900330672122,288.59536906317345,53.00714038574984,57215.606198494184,37946.986802686464,0.0,0.0,37946.986802686464,7485.027094476376,0.10630982077791488,0.0,8303.128175685757,8204.767101984553,0.0,0.0,37946.986893731555,0.0
2025-04-25,394.75873212434414,204.01753560567218,98.69068132154588,33754.25959449212,19628.058040052027,0.0,0.0,19628.058040052027,27399.30964287019,0.3927486484032858,103.71541748362563,8204.767101984553,9905.382150320504,0.0,0.0,19628.059414834035,0.0
2025-04-26,252.0044155199433,327.1403140375323,92.07079080051082,30343.40562813768,17484.87903439989,0.0,0.0,17484.87903439989,28151.089514962605,0.39082054601363714,92.7574879337007,9905.382150320504,9242.654264718258,0.0,0.0,17484.88051617141,0.0
2025-04-27,165.59043337820037,123.28239324960204,30.793552037178163,53136.81719350377,34793.87934678198,0.0,0.0,34793.87934678198,3054.2323184000684,0.04461400294294421,15.771077768942872,9242.654264718258,7563.744082205306,0.0,0.0,34793.879670153205,0.0
2025-04-28,103.8286674541491,295.3841265904579,60.79254427157813,57121.87581605024,37432.594172297395,828.4136190121262,5623.388498793304,43055.9826710907,0.0,0.0,0.0,7563.744082205306,6227.778779915282,0.0,0.0,37432.59442829513,0.0
2025-04-29,77.02793422465595,308.6270090815962,56.26844123445458,59379.76882507562,38662.55061122116,0.0,0.0,38662.55061122116,7191.126040461536,0.1029958880491349,73.49397754704081,6227.778779915282,8259.323105451265,0.0,0.0,38662.55065917392,0.0
2025-04-30,103.21235202252653,256.99032897856773,51.93428082507316,56597.329823928114,37240.92990569949,0.0,0.0,37240.92990569949,5954.850704770915,0.08577259888775253,91.09896690511155,8259.323105451265,7899.229243273605,0.0,0.0,37240.93011842898,0.0
2025-05-01,198.23487793367596,162.53951114310433,51.733075190407455,55883.68882155423,36718.39534727253,14.410200000000032,100.52555520000023,36818.920902472535,4074.646286402947,0.058752097751625695,0.0,7899.229243273605,5624.474345041247,0.0,0.0,36718.39558316298,0.0
2025-05-02,314.36239733326715,278.5353957813465,47.103248860013615,36046.21950989451,20740.18412097819,0.0,0.0,20740.18412097819,16647.09725427257,0.2752919252395171,121.13703085952795,5624.474345041247,8149.345271696167,0.0,0.0,20740.185626397455,0.0
2025-05-03,237.0308872397388,129.9937225741676,51.65442430608925,32634.780161198443,18858.61869699947,0.0,0.0,18858.61869699947,21709.380128669196,0.32879212031697236,20.85440793111468,8149.345271696167,7445.0705778715665,0.0,0.0,18858.62016741513,0.0
2025-05-04,312.8177586384213,277.54713366137605,60.03230697703061,55374.4432051467,36078.26956136951,34.27252489475336,133.04594164143253,36211.31550301094,2758.3766925413775,0.04001392631806043,0.0,7445.0705778715665,5443.524641238342,0.0,0.0,36078.26984550771,0.0
2025-05-05,192.76842177532873,192.96309110175127,52.6772583607968,59534.01245086022,38451.43954810205,0.0,0.0,38451.43954810205,186.2672705291115,0.002842206178486039,0.0,5443.524641238342,6296.883973971695,0.0,0.0,38451.43954810205,0.0
2025-05-06,191.36052981240184,216.05380669845752,50.56794260247135,58734.41726761197,38482.02778520517,0.0,0.0,38482.02778520517,2859.8307645357645,0.04196554864406832,0.0,6296.883973971695,6093.255833517889,0.0,0.0,38482.027951298325,0.0
2025-05-07,175.9969758604881,104.7072365714571,41.43174370382437,58688.557079952414,38601.167771046064,0.0,0.0,38601.167771046064,318.1283804656168,0.004813390486044222,0.0,6093.255833517889,6287.039704845158,0.0,0.0,38601.167910889424,0.0
2025-05-08,139.28997871987838,226.23228486981466,49.984025072559604,60644.363347946564,40593.001648297795,35.999250000000075,243.2289326250005,40836.2305809228,931.7607866440052,0.01441930843188725,26.557197137204593,6287.039704845158,7298.806148366475,0.0,0.0,40593.00184457484,0.0
2025-05-09,395.7873504258032,163.32687438380236,87.62381405417129,36697.71515567912,22336.820289871575,0.0,0.0,22336.820289871575,23236.616185498075,0.35338474978802914,352.3489307939509,7298.806148366475,9468.712096574513,0.0,0.0,22336.821410528893,0.0
2025-05-10,268.3925216874124,177.46152730300167,45.06532013024025,32809.543679627415,20006.26523621322,0.0,0.0,20006.26523621322,18919.472762150468,0.30258113107071083,91.83226680504055,9468.712096574513,8526.366670191528,0.0,0.0,20006.266601053827,0.0
2025-05-11,251.3796464570209,194.59004477459442,50.78525137099627,55296.648118439916,36967.837805627714,27.561666666666724,185.80697583333372,37153.64478146105,0.0,0.0,0.0,8526.366670191528,5473.97943689232,0.0,0.0,36967.837950580266,0.0
2025-05-12,133.3464658024812,317.822562163876,61.012426273521605,61249.76760210593,40510.52926131388,0.0,0.0,40510.52926131388,4366.073574802405,0.06372210621825622,0.0,5473.97943689232,7752.674343970863,0.0,0.0,40510.5292780563,0.0
2025-05-13,126.0736780413951,134.96686508933524,30.312035524885193,58366.87147924571,39175.56373677589,0.0,0.0,39175.56373677589,2490.6768165539966,0.03709653379936089,82.31735906808538,7752.674343970863,7693.834545886369,0.0,0.0,39175.5638244798,0.0
2025-05-14,121.51407017124873,167.2562629460512,36.87513240840433,58685.20869942571,39468.557653663374,0.0,0.0,39468.557653663374,3148.7929249349518,0.046595039984902976,0.0,7693.834545886369,7611.021126585459,0.0,0.0,39468.55767447137,0.0
2025-05-15,119.91172579204375,148.3728536408643,36.43365928519678,58419.98879027738,39188.66148430917,0.0,0.0,39188.66148430917,2550.6265496140777,0.03816403498402204,25.567843298422606,7611.021126585459,8033.031234932122,0.0,0.0,39188.66148430917,0.0
2025-05-16,408.74698206087925,310.3074362611416,117.7011799590411,36045.92898634024,22134.599544905883,0.0,0.0,22134.599544905883,29679.149767858547,0.4124060874342059,174.73314924122326,8033.031234932122,9216.290743456626,0.0,0.0,22134.600736073313,0.0
2025-05-17,262.5262525358218,217.79484248776544,57.36705899987505,32691.269244956595,19850.940093374433,0.0,0.0,19850.940093374433,20191.47761519313,0.3114731942811029,79.2886236142129,9216.290743456626,8607.899499836783,0.0,0.0,19850.941456091383,0.0
2025-05-18,251.50567486724998,224.8082633613736,46.274068636382545,54183.297860901694,36135.23548226561,5.236666666666679,35.318698333333415,36170.55418059895,0.0,0.0,0.0,8607.899499836783,6146.476346363497,0.0,0.0,36135.23553470162,0.0
2025-05-19,130.19962089169485,307.655802723635,58.299508427978935,58952.51922563666,38818.01435047652,67.00333333333344,451.90398166666745,39269.91833214319,7312.573811039543,0.10078361196533757,90.41050809086326,6146.476346363497,7483.825050206282,0.0,0.0,38818.01435047652,0.0
2025-05-20,126.28432519918248,222.40350413814733,50.00086386421199,57164.31058217044,38151.064026460954,0.0,0.0,38151.064026460954,113.26828009643832,0.0017185247425013342,0.0,7483.825050206282,7344.055342381366,0.0,0.0,38151.06412999561,0.0
2025-05-21,119.60215296877378,254.72316748960156,52.8785455793128,58172.922507914234,38601.63352297225,0.0,0.0,38601.63352297225,3991.7026940825876,0.05791754849146033,23.036953499761438,7344.055342381366,7530.890758486067,0.0,0.0,38601.63352297225,0.0
2025-05-22,127.18280091779768,155.04849893976694,33.166271389481615,57701.013009177535,38529.98955360185,2.57000000000005,17.333365000000338,38547.32291860185,3686.134556092507,0.053489645268700536,0.0,7530.890758486067,8087.118495052157,0.0,0.0,38529.9896391921,0.0
2025-05-23,416.5913684526408,144.77019949536296,77.82225094513268,35701.19132248262,21818.132300722365,0.0,0.0,21818.132300722365,24801.599862943232,0.36173743948963477,346.7089976197954,8087.118495052157,9770.999899375442,0.0,0.0,21818.13359059309,0.0
2025-05-24,287.8723554717757,259.6563675298086,85.62990358110767,32535.396352052194,19852.557288539134,0.0,0.0,19852.557288539134,26853.4754973526,0.37854150346357934,223.2087318760527,9770.999899375442,8815.482927588228,0.0,0.0,19852.55860253829,0.0
2025-05-25,252.61002024645742,212.55261240291907,40.0227916895562,53468.802930598424,35316.75289230606,0.0,0.0,35316.75289230606,3985.753473105501,0.055531324773718485,5.204733552968037,8815.482927588228,6936.62070853126,0.0,0.0,35316.75308869743,0.0
2025-05-26,118.56857673202892,226.208470791457,48.70143594957,57324.37621399758,37835.58109970727,0.0,0.0,37835.58109970727,0.0,0.0,0.0,6936.62070853126,6850.049989507913,0.0,0.0,37835.58127959019,0.0
2025-05-27,118.3386584332044,225.87798689642716,46.63583343136301,58720.98836115013,38855.2507893037,0.0,0.0,38855.2507893037,5857.242449689402,0.08289747951630365,27.672960748786675,6850.049989507913,7609.855894746761,0.0,0.0,38855.25078930369,0.0
2025-05-28,113.36617240289794,227.37253702048366,49.64602627358844,57415.39977451312,38194.4355017032,0.0,0.0,38194.4355017032,2022.1274168237546,0.02989189223366317,42.415047370806825,7609.855894746761,7882.238774996196,0.0,0.0,38194.435637495684,0.0
2025-05-29,139.76131935793182,154.17091568046416,36.023968608398576,57081.00217497928,38158.9648945714,0.0,0.0,38158.9648945714,3.6562550541958787,5.5122865392069696e-05,68.47898442252028,7882.238774996196,7862.251185118598,0.0,0.0,38158.9649959872,0.0
2025-05-30,463.73483841878965,162.77546837176317,88.7092132567062,36830.72285098059,22529.147322310673,0.0,0.0,22529.147322310673,25439.227442751566,0.37401832992059564,406.61162015354773,7862.251185118598,9865.400584303881,0.0,0.0,22529.14849402111,0.0
2025-05-31,299.73236724036036,155.90276848794858,49.65330842434282,32434.03784793475,19733.087229669007,0.0,0.0,19733.087229669007,21647.913483534958,0.3260760703607395,324.6055842700216,9865.400584303881,9167.484046184685,0.0,0.0,19733.088629630995,0.0
2025-06-01,563.8168263468332,442.37157600502564,163.3904212793783,53025.03282788291,35239.69886253179,14816.512783024722,86630.06571712869,121869.76457966048,0.0,0.0,0.0,9167.484046184685,4380.729184000774,0.0,0.0,35239.69903625845,0.0
2025-06-02,383.4687185044434,292.50498076727945,106.56699111272712,65349.545630471344,42627.41659574291,6197.119087471667,40021.217162934874,82648.63375867778,0.0,0.0,0.0,4380.729184000774,4485.646842354384,0.0,0.0,42627.4165957429,0.0
2025-06-03,369.3126437253065,242.74514831858707,94.1735427329314,64020.92421237902,42287.521733313566,6829.747965229897,42586.17462793987,84873.69636125345,0.0,0.0,0.0,4485.646842354384,4717.519910584522,0.0,0.0,42287.521733313566,0.0
2025-06-04,378.1505379865074,215.19649543270714,93.54574435322645,66047.98322498794,43851.470343565365,5650.999951160565,37088.17740860529,80939.64775217065,0.0,0.0,0.0,4717.519910584522,4522.288224064313,0.0,0.0,43851.47034356536,0.0
2025-06-05,338.85061866247526,250.63778300257167,91.55963970196584,67907.19102738604,45567.70483368299,5360.5143422957935,35314.40019166905,80882.10502535204,0.0,0.0,0.0,4522.288224064313,4243.221065380895,0.0,0.0,45567.70483368299,0.0
2025-06-06,366.58935490679426,422.01456422277903,68.22692221381223,46142.47094168763,28416.500040131068,0.0,0.0,28416.500040131068,8761.725454878371,0.1688440339150879,92.4561211455558,4243.221065380895,8277.960071131152,0.0,0.0,28416.500939974918,0.0
2025-06-07,258.478464469005,331.8163776129031,60.11799450926014,39388.18621726818,24744.717339237166,0.0,0.0,24744.717339237166,6697.5889276826565,0.12872491228646363,60.47083514273618,8277.960071131152,7458.420282233359,0.0,0.0,24744.718114229578,0.0
2025-06-08,400.57624944293974,266.82206685423006,69.60614139831107,69423.31845771658,46601.14480518133,27.892390683891904,188.26038568087546,46789.405190862206,2835.6992141428245,0.04495257225518918,0.0,7458.420282233359,6213.560512474028,0.0,0.0,46601.14480518133,0.0
2025-06-09,216.7176096750494,168.49390268797217,58.82218169119791,72647.68957535538,49020.92061075644,292.116570219736,1533.6839017041239,50554.60451246056,0.0,0.0,8.112748579381787,6213.560512474028,5186.44067792976,0.0,0.0,49020.92061075644,0.0
2025-06-10,195.99933609247796,224.56247249735927,63.43641337672945,75384.66536795953,50599.12196686507,0.0,0.0,50599.12196686507,0.0,0.0,0.0,5186.44067792976,5741.587294249666,0.0,0.0,50599.12196686507,0.0
2025-06-11,215.89624145925467,274.91303619299447,78.56420123532902,76538.27123810217,51170.29019609552,2432.3784824388395,15368.54788970996,66538.83808580547,0.0,0.0,0.0,5741.587294249666,5329.810203832506,0.0,0.0,51170.29019609553,0.0
2025-06-12,197.96478814017482,155.07359995918017,52.468034846949585,78962.28680187442,53041.23343507921,0.0,0.0,53041.23343507921,429.7344690918069,0.007775266269125752,34.40230452501294,5329.810203832506,7974.7632890871055,0.0,0.0,53041.23343507921,0.0
2025-06-13,476.0732579278843,205.87443555065923,65.91106231549098,47890.49054179892,31171.622118574618,0.0,0.0,31171.622118574618,14820.235401504431,0.27678467830539266,667.3487391959582,7974.7632890871055,9878.104578169772,0.0,0.0,31171.622346893822,0.0
2025-06-14,306.2281223423228,207.70221665349183,61.2600477052601,42648.745958629275,27646.066200132016,0.0,0.0,27646.066200132016,14795.172702396638,0.2639176185212967,357.90786297085594,9878.104578169772,8945.449721707591,0.0,0.0,27646.06650114019,0.0
2025-06-15,359.5444062171421,246.37071326916936,79.08120385665997,68042.91660070315,45924.97589546878,1903.5720997803362,12258.440459176914,58183.41635464569,0.0,0.0,0.0,8945.449721707591,5201.461970123246,0.0,0.0,45924.97589546878,0.0
2025-06-16,190.09037784419587,161.6035069823439,51.84037761718524,78983.72164337995,52963.121856827085,0.0,0.0,52963.121856827085,0.0,0.0,77.17470711347278,5201.461970123246,7914.208248302052,0.0,0.0,52963.121856827085,0.0
2025-06-17,180.7966313830053,262.40011968633826,64.60569146419866,76764.86875760379,52326.82479145624,0.0,0.0,52326.82479145624,0.0,0.0,0.0,7914.208248302052,6803.153595867652,0.0,0.0,52326.82479145624,0.0
2025-06-18,158.02234063726803,121.30338343837836,36.80593535476864,80008.75678163147,54400.09929255539,0.0,0.0,54400.09929255539,5006.450635930199,0.08943174536260914,103.50756855659967,6803.153595867652,8118.55330304167,0.0,0.0,54400.09929255539,0.0
2025-06-19,185.50987621338348,175.46396284922594,43.03465491672719,76931.18141596085,52546.92182998466,5.308886096042556,35.789855616470895,52582.711685601134,5778.512128191747,0.09779243345444064,147.53697503400585,8118.55330304167,7943.334141077538,0.0,0.0,52546.92182998467,0.0
2025-06-20,531.736276943728,132.6314061741192,98.26547817312452,48596.14928809018,31480.65598448534,0.0,0.0,31480.65598448534,21127.86041404678,0.3597058187279354,1038.7304480129649,7943.334141077538,10130.870813638096,0.0,0.0,31480.6562207798,0.0
2025-06-21,318.5803038237648,231.59674149766397,82.04433007288384,42895.45146273198,27865.116023077993,0.0,0.0,27865.116023077993,21058.084777515814,0.3392453196451617,463.5477859011406,10130.870813638096,9823.020877725085,0.0,0.0,27865.116451164242,0.0
2025-06-22,338.96456149241607,238.43221638089346,67.01738601515893,67910.464671212,46048.600947552564,0.0,0.0,46048.600947552564,0.0,0.0,23.14222792786154,9823.020877725085,6932.248664242597,0.0,0.0,46048.600947552564,0.0
2025-06-23,175.21058813548404,129.7516914121863,42.50562243464996,78010.07478689223,52622.587541863235,0.0,0.0,52622.587541863235,6691.220718618649,0.1122130983276399,57.76751470569616,6932.248664242597,8098.947293048924,0.0,0.0,52622.587541863235,0.0
2025-06-24,182.28298645324568,315.8289456573874,78.6944091823043,76237.68056255844,51948.51224638731,1027.15002664737,4659.0983197909645,56607.61056617828,0.0,0.0,102.59859107496595,8098.947293048924,5683.984368950608,0.0,0.0,51948.51224638731,0.0
2025-06-25,160.73264423602132,176.60579110588884,43.65343692429016,80766.12496337286,54129.76060685175,0.0,0.0,54129.76060685175,4369.7414724388655,0.0782084814478411,94.10253609888932,5683.984368950608,8244.426967173284,0.0,0.0,54129.76060685175,0.0
2025-06-26,156.80818664478778,178.11055164449064,43.359643325915485,76446.32880980331,52008.716487904225,0.0,0.0,52008.716487904225,5962.813787135878,0.10080824317952068,122.9390131330268,8244.426967173284,8084.958230869624,0.0,0.0,52008.71648790422,0.0
2025-06-27,603.5970864396816,99.55488062756751,107.62489770052487,47881.28122617323,31010.406730536946,0.0,0.0,31010.406730536946,22648.413486808375,0.3787891614741987,1094.7897705795424,8084.958230869624,10424.354265701568,0.0,0.0,31010.40695129683,0.0
2025-06-28,350.9893493362467,150.26691135787854,55.872148140571895,42685.78943811137,27699.116559142065,0.0,0.0,27699.116559142065,18728.253270193334,0.31804985382538037,658.8357748556355,10424.354265701568,9759.117607855616,0.0,0.0,27699.117126893376,0.0
2025-06-29,335.9611376099006,184.18984150298584,72.22460504430494,68862.65014668892,46852.27608301906,0.0,0.0,46852.27608301906,0.0,0.0,0.0,9759.117607855616,6090.761894451137,0.0,0.0,46852.27608301906,0.0
2025-06-30,151.34540665405427,170.63207617134807,47.2536346723244,79039.39336274337,53528.42971856204,0.0,0.0,53528.42971856204,3693.3848139100996,0.065871388471066,245.68009755349962,6090.761894451137,8216.196734675641,0.0,0.0,53528.42971856203,0.0
2025-07-01,720.1841074840581,278.0132940813638,84.19482161481488,79088.28960307888,54112.00713107467,864.7024031538407,4855.934986866456,58967.94211794113,788.1581616946346,0.012574254961378744,0.0,8216.196734675641,4966.438218169206,0.0,0.0,54112.00713107468,0.0
2025-07-02,638.982931572854,387.1731543124718,87.15115905765005,81469.08610482591,54656.86947122462,177.1073773061736,1198.6615005288622,55855.530971753484,4996.8727799123535,0.07316719906499741,0.0,4966.438218169206,5399.547199736272,0.0,0.0,54656.86947122462,0.0
2025-07-03,643.5011998090031,137.07410832158237,108.63923315336167,78920.61060603216,53291.58611822725,3101.6968543576327,17800.792053687124,71092.37817191437,0.0,0.0,0.0,5399.547199736272,4454.667216052907,0.0,0.0,53291.58611822725,0.0
2025-07-04,311.42229000429705,281.1912103888094,95.85006602018626,54408.33219478998,34770.10175718389,0.0,0.0,34770.10175718389,19571.891394772407,0.2924923543415939,158.35993432226616,4454.667216052907,7807.463272811503,0.0,0.0,34770.10204017643,0.0
2025-07-05,294.15349694980404,244.22467904592875,77.89061433970502,47558.20578217147,30606.71746777896,0.0,0.0,30606.71746777896,16732.00098396209,0.2494232832356142,81.40894484589603,7807.463272811503,7332.227308918014,0.0,0.0,30606.718035273472,0.0
2025-07-06,854.1834722311968,172.10536913935385,142.4083683911791,71919.40919184245,48350.02051591127,7568.99341566648,46539.936273629515,94889.95678954078,0.0,0.0,0.0,7332.227308918014,4298.440950365174,0.0,0.0,48350.02051591127,0.0
2025-07-07,565.9810848870479,339.30004489457275,73.37516159504736,84719.89113357813,56803.54386821667,14.197596720559659,95.69743190338829,56899.24130012006,6129.354883462276,0.09002383545919125,23.184097760449845,4298.440950365174,6169.7783136305625,0.0,0.0,56803.54386821668,0.0
2025-07-08,314.92196527023486,189.5493784186185,65.76329094398362,85435.88658158851,57671.95009361372,0.0,0.0,57671.95009361372,5131.973979025426,0.07809578591552438,47.68382980306592,6169.7783136305625,7649.793852153682,0.0,0.0,57671.95009361373,0.0
2025-07-09,285.2710610647466,149.36086060343334,53.59821119917111,83060.75781290302,56675.20431927058,0.0,0.0,56675.20431927058,5803.714027595978,0.08723194517820718,27.746865155666,7649.793852153682,8006.339695003487,0.0,0.0,56675.20431927058,0.0
2025-07-10,292.7325460985179,206.9681554738641,51.630885662549126,84360.00516232444,57737.35027837106,0.0,0.0,57737.35027837106,8790.009602712951,0.13001065154430527,163.50923844400492,8006.339695003487,7752.750574885002,0.0,0.0,57737.35027837106,0.0
2025-07-11,509.93791954944453,246.9943265827644,80.34317066728289,58554.01601133463,38729.48068827504,0.0,0.0,38729.48068827504,20204.153763725717,0.3247091494648669,1044.1758217742465,7752.750574885002,10462.344866100993,0.0,0.0,38729.481005719455,0.0
2025-07-12,262.35048961444204,106.26225819438099,52.056966304590006,51951.85117908619,34387.408977884465,0.0,0.0,34387.408977884465,19095.685642673896,0.29728255534254044,370.2564923153642,10462.344866100993,9566.16702264104,0.0,0.0,34387.40941308826,0.0
2025-07-13,517.6607741308179,353.4979207375218,69.09082518453026,77065.61238551585,52503.42533356139,0.0,0.0,52503.42533356139,7269.2232672142345,0.10292611353441014,35.46721805618165,9566.16702264104,6929.10120777232,0.0,0.0,52503.42533356139,0.0
2025-07-14,301.79863671128993,178.36908506249722,47.22646359884345,83474.04208326872,56723.8991461519,0.0,0.0,56723.8991461519,7729.155680408728,0.11160471046586427,66.69348047048896,6929.10120777232,8097.345760999207,0.0,0.0,56723.8991461519,0.0
2025-07-15,239.7342361599409,261.85098507390444,59.87019315116174,83330.63571949366,57206.69140162545,0.0,0.0,57206.69140162545,7223.379773299394,0.10814072178763438,245.26260393962514,8097.345760999207,8666.521060626872,0.0,0.0,57206.69140162546,0.0
2025-07-16,280.83030799733575,182.1831159994424,53.53151556785242,82517.43387338141,56372.67297447038,0.0,0.0,56372.67297447038,7839.600970669342,0.11489843634716439,112.35353683292695,8666.521060626872,8355.754738720572,0.0,0.0,56372.67297447038,0.0
2025-07-17,256.6707353163056,140.85227751612226,51.85971900429283,82198.09021428802,56315.69260619044,0.0,0.0,56315.69260619044,6348.669542173728,0.09497066416935843,178.67389349755274,8355.754738720572,8330.923843846429,0.0,0.0,56315.692606190445,0.0
2025-07-18,566.273270834491,144.8396648295941,88.14478947265292,58613.81797877339,38949.346644547,0.0,0.0,38949.346644547,21450.660725509202,0.34362938655467307,1525.729205388619,8330.923843846429,10800.0,0.0,0.0,38949.34685885224,0.0
2025-07-19,301.96319765217623,176.9025735217867,78.78434068632887,52410.20418918556,34929.23445472622,0.0,0.0,34929.23445472622,23118.195241433386,0.3430930666942451,883.8432787665402,10800.0,9885.793923884634,0.0,38.04264721890286,35081.40550105172,0.0
2025-07-20,488.1493396573912,132.09384397593263,74.250164716985,73170.93071290645,50310.426088364475,0.0,0.0,50310.426088364475,0.0,0.0,54.79914937820149,9885.793923884634,7709.467682682302,0.0,0.0,50310.426088364475,0.0
2025-07-21,211.80510736278367,133.19936937452064,47.21615147746037,83445.82285689488,57114.933481829736,0.0,0.0,57114.933481829736,5374.417223696046,0.08338496810427821,151.37747382702094,7709.467682682302,8836.417733324088,0.0,0.0,57114.933481829736,0.0
2025-07-22,250.10369281297386,204.29462614089948,53.66075467138137,83160.29287679553,57157.15127589673,0.0,0.0,57157.15127589673,6534.174132417318,0.09942487139448515,176.77885726999494,8836.417733324088,8654.061381274758,0.0,0.0,57157.15127589673,0.0
2025-07-23,229.37764124221218,149.71258094088046,49.168489994182835,83295.6856190348,57132.238846799766,0.0,0.0,57132.238846799766,5868.408730656014,0.08996006564293242,192.0345755291799,8654.061381274758,8729.751069147138,0.0,0.0,57132.23884679977,0.0
2025-07-24,227.09424661857167,217.99576285363628,58.166514146538276,83491.81749859643,57609.212127564184,0.0,0.0,57609.212127564184,6388.78804672558,0.09785885105799397,312.0878762240633,8729.751069147138,9188.992415898401,0.0,0.0,57609.212127564184,0.0
2025-07-25,634.061149369096,166.4138390701122,128.82434759632994,58683.075281405996,39265.55815879859,0.0,0.0,39265.55815879859,25963.765797630007,0.39428936993966823,2670.623630958365,9188.992415898401,10800.0,0.0,0.0,39265.55831791908,0.0
2025-07-26,340.827143830663,160.9290993763549,66.64415792203792,52550.836504139486,35180.44469953547,0.0,0.0,35180.44469953547,21051.865030245637,0.32528308031294456,1284.095298369589,10800.0,10234.68330920042,0.0,0.0,35180.44526506982,0.0
2025-07-27,481.1857787419337,157.8758011621835,83.66103594744582,74499.6213684447,51122.46903151023,539.7972704391119,2723.9179823495997,53846.38701385983,67.16252492543094,0.0010424915508981099,19.67414752124762,10234.68330920042,7943.123389230785,0.0,0.0,51122.46903151023,0.0
2025-07-28,222.32107472214528,162.08741881337457,55.9955613427243,84148.52693819915,57819.65508970304,0.0,0.0,57819.65508970304,2147.7782838553876,0.03563350640532255,312.55515805492837,7943.123389230785,8719.553733734914,0.0,0.0,57819.65508970305,0.0
2025-07-29,199.25141805315457,163.73678163917404,44.56754005752874,85263.40512939276,58687.77852072142,0.0,0.0,58687.77852072142,5626.245744241381,0.09038799302061529,421.1211110564044,8719.553733734914,8955.737368102418,0.0,0.0,58687.77852072142,0.0
2025-07-30,182.1812080478071,155.0813625035882,41.97258478325059,84258.15175983659,58074.34350697533,0.0,0.0,58074.34350697533,6702.764316911487,0.10420784524653176,416.8582075690385,8955.737368102418,9102.808125859705,0.0,0.0,58074.343506975325,0.0
2025-07-31,183.13090125405446,112.23836616415772,39.5407024903876,83463.57829563082,57628.44748831721,0.0,0.0,57628.44748831721,5759.1118393849265,0.0918103987720609,292.2238745219931,9102.808125859705,8800.78470494309,0.0,0.0,57628.44748831721,0.0
2025-08-01,595.8617396278047,388.3552696531176,163.62796854353945,57222.553047948575,38363.94077797489,0.0,0.0,38363.94077797489,29939.96559588606,0.41892789224499827,2112.932571138721,8800.78470494309,10800.0,0.0,0.0,38363.940942522,0.0
2025-08-02,378.2087509433268,262.3789061356873,105.65278697800633,50763.332878227964,34241.54278451773,0.0,0.0,34241.54278451773,26560.419782852867,0.3760223306777489,1218.6402391176116,10800.0,10507.086488329165,0.0,0.0,34241.543371965265,0.0
2025-08-03,425.85641415312625,454.1941375928047,75.13399762690456,72825.15640809365,50833.23063968539,0.0,0.0,50833.23063968539,10377.79244890229,0.13796035252710984,14.257716766414603,10507.086488329165,7380.039336278021,0.0,0.0,50833.23063968539,0.0
2025-08-04,202.0462546233086,341.6829031507364,55.095393771574415,81808.77457902068,56580.875615048804,0.0,0.0,56580.875615048804,12236.285911238516,0.16785845672735406,146.2559549739151,7380.039336278021,9187.649476064373,0.0,0.0,56580.875615048804,0.0
2025-08-05,161.71464976679823,252.94318225382415,55.99429760621095,79989.74375664681,55723.60168007779,0.0,0.0,55723.60168007779,12046.919727975956,0.16894634451643678,350.5560155400986,9187.649476064373,9166.987318713127,0.0,0.0,55723.60168007779,0.0
2025-08-06,179.6471439041599,237.3228556455673,57.31719195973811,78533.97376916304,54854.74718249992,0.0,0.0,54854.74718249992,7603.395549531941,0.1108339417307123,359.82083192884215,9166.987318713127,9062.762433603797,0.0,0.0,54854.74718249992,0.0
2025-08-07,176.8928306988055,333.9654577904481,67.51507010436733,78896.06587454796,55220.37422402169,0.0,0.0,55220.37422402169,12611.810085771038,0.1716762139550515,299.3198635139081,9062.762433603797,9181.421244096402,0.0,0.0,55220.37422402169,0.0
2025-08-08,582.7772118960565,283.80489284266764,140.10161676862106,54063.536730339976,36264.66617543459,0.0,0.0,36264.66617543459,31866.94406894739,0.42530062175857036,2572.525592210457,9181.421244096402,10800.0,0.0,0.0,36264.66697655162,0.0
2025-08-09,358.10594043648683,169.4070461249463,74.39589145772412,49087.523019570974,33089.93776835651,0.0,0.0,33089.93776835651,27154.061433559546,0.3804054023140977,1047.5161186617897,10800.0,10343.471886775473,0.0,0.0,33089.93893438568,0.0
2025-08-10,306.7311288976529,153.01292793831624,52.45609292975295,69098.96501320018,48559.80120136904,0.0,0.0,48559.80120136904,2631.7803034948693,0.03694721040874362,186.8598800579552,10343.471886775473,8507.821565279137,0.0,0.0,48559.801305864145,0.0
2025-08-11,154.13931569398406,165.52592475510883,45.50652989610871,76058.2829896536,53127.71527642359,0.0,0.0,53127.71527642359,7931.171175839569,0.11036821157405659,411.6329794117695,8507.821565279137,9006.154038619608,0.0,0.0,53127.71527642359,0.0
2025-08-12,146.86728038245954,157.00491930090752,42.92336618480718,75104.45189823935,52800.66329026599,0.0,0.0,52800.66329026599,4409.767943774453,0.06402376043256765,175.5541799562987,9006.154038619608,9233.221589977094,0.0,0.0,52800.66329026599,0.0
2025-08-13,160.5106072800016,157.71375339079907,41.76010799362371,76149.40419561353,53436.9117092995,0.0,0.0,53436.9117092995,6909.958021738012,0.09811515870091296,334.87655599548316,9233.221589977094,9434.448606902297,0.0,0.0,53436.91170929949,0.0
2025-08-14,176.67054681363152,160.6268030654798,44.65896117828538,74454.49097631144,52489.99601416649,0.0,0.0,52489.99601416649,5622.811552080082,0.08031467612564427,552.0339835501709,9434.448606902297,8996.119725859171,0.0,0.0,52489.99601416649,0.0
2025-08-15,537.7744166862711,173.87204919374278,115.84653652413483,53686.21076349322,35886.67424911616,0.0,0.0,35886.67424911616,30494.703537038353,0.41883536083120043,2038.1167639662403,8996.119725859171,10739.183542106177,0.0,0.0,35886.67524300349,0.0
2025-08-16,318.4951936335813,195.06028019190282,81.55769504451297,49245.76822642251,33043.820374742834,0.0,0.0,33043.820374742834,29185.713074296957,0.3984166526984746,964.7871572155651,10739.183542106177,10442.258160644811,0.0,0.0,33043.82165478368,0.0
2025-08-17,260.45630403930306,188.3016834380752,48.932266865317466,69243.23368252537,48727.6377141482,0.0,0.0,48727.6377141482,4970.0991598182045,0.06883438916091464,119.88595040267327,10442.258160644811,8465.73938412821,0.0,0.0,48727.637860160925,0.0
2025-08-18,157.38657628150784,157.96430904067358,44.482519408164066,75424.65861616735,53145.776693432534,0.0,0.0,53145.776693432534,7147.731742172686,0.10022611782501994,529.0163438151769,8465.73938412821,9184.38006035434,0.0,0.0,53145.77680432625,0.0
2025-08-19,143.60622253014924,154.53405353597725,41.42272938186859,75537.01831247016,53480.85105251864,0.0,0.0,53480.85105251864,8275.642065104948,0.1164815221156129,557.045766346432,9184.38006035434,9117.386290143333,0.0,0.0,53480.85109281419,0.0
2025-08-20,158.89520779091163,247.61690515566008,51.27155522035154,74621.81715500829,52666.42184524948,0.0,0.0,52666.42184524948,420.82595945410634,0.006534832211499705,438.4416497888129,9117.386290143333,9114.057459760279,0.0,0.0,52666.42189271913,0.0
2025-08-21,130.77933350376952,178.87277814320663,42.88145780692327,76116.63937909297,54087.82734983839,0.0,0.0,54087.82734983839,7302.276121165167,0.10563507653769826,405.4328826514987,9114.057459760279,9382.122696917375,0.0,0.0,54087.82736341178,0.0
2025-08-22,471.0170763417019,144.98326782506484,82.3996706549611,52800.21441814782,35270.734104058516,0.0,0.0,35270.734104058516,26506.20156530289,0.38247846331611807,1382.8311331987848,9382.122696917375,10800.0,0.0,0.0,35270.73524779514,0.0
2025-08-23,318.66738173638714,153.39186897664644,55.534079302167775,49241.43533357593,33104.87038141073,0.0,0.0,33104.87038141073,23408.182649694703,0.3485064664157577,1510.3074406846488,10800.0,10154.299871629824,0.0,0.0,33104.87174108461,0.0
2025-08-24,248.95989061819273,228.54076342734444,59.24726297460125,70834.67418746138,50049.74683894245,0.0,0.0,50049.74683894245,5512.3442481382945,0.07727460969826411,43.843542543612955,10154.299871629824,8850.003873271087,0.0,0.0,50049.747001355114,0.0
2025-08-25,120.01108675997267,251.15959022823375,52.90010179678458,75832.34779355147,53636.99994065654,0.0,0.0,53636.99994065654,1251.2436265791307,0.019630884030533577,596.0305694803953,8850.003873271087,9374.938329348977,0.0,0.0,53637.00010121809,0.0
2025-08-26,149.13052772633392,181.67120981364982,40.11937867647828,76262.33722381448,54033.19992059408,0.0,0.0,54033.19992059408,7149.325275897102,0.10385401162036187,697.4454528954627,9374.938329348977,9676.70778334743,0.0,0.0,54033.19992059409,0.0
2025-08-27,112.82378824140281,146.1508299893879,32.500125268552736,76066.12354769462,54015.52128427896,0.0,0.0,54015.52128427896,5107.505396682816,0.07753419123060613,480.1071532291576,9676.70778334743,9438.146024797305,0.0,0.0,54015.521314295336,0.0
2025-08-28,169.59775019223284,216.1064804185433,52.34059389285186,75899.8078810203,53495.809983700405,0.0,0.0,53495.809983700405,1831.7758271182201,0.02872201466384539,514.3434434058101,9438.146024797305,9363.010120451665,0.0,0.0,53495.81004487713,0.0
2025-08-29,536.6761289961768,150.55762702937466,89.90959039023748,52955.305720383025,34922.350417970534,0.0,0.0,34922.350417970534,23999.84378666121,0.3648883713102025,2448.018049232979,9363.010120451665,10800.0,0.0,0.0,34922.351414452874,0.0
2025-08-30,319.85861953015416,259.96282649993634,87.90738618239233,49297.81331478871,32504.04647036017,0.0,0.0,32504.04647036017,28311.41522310345,0.40150992125921703,890.8809814382521,10800.0,9993.751162758,0.0,0.0,32504.047678145387,0.0
2025-08-31,210.52739018472457,152.66740444580702,50.50930174215664,71507.81555776541,50050.428881247244,0.0,0.0,50050.428881247244,2662.5671048099994,0.03990733689678259,394.7498682294266,9993.751162758,8846.50746761358,0.0,0.0,50050.42920075242,0.0
2025-09-01,532.0275354543523,171.6096757533764,107.94089146274989,75747.52462749842,53206.61002599324,0.0,0.0,53206.61002599324,12475.96754659242,0.18431175234591046,5484.8327941489415,8846.50746761358,10800.0,0.0,0.0,53206.61003369323,0.0
2025-09-02,451.7244715974474,151.98966295282207,86.81119203693589,71428.2521969922,50472.72327188231,0.0,0.0,50472.72327188231,10176.764673609076,0.15082259166248338,4533.58949663607,10800.0,10800.0,0.0,0.0,50472.72335716659,0.0
2025-09-03,399.3702206168204,177.7876038827362,69.08355541345365,71215.74836349893,50389.74323669016,0.0,0.0,50389.74323669016,10140.715072678828,0.1539130497886423,3243.637877653953,10800.0,10800.0,0.0,317.7547478410743,51660.76234247047,0.0
2025-09-04,407.07526022687153,222.85999058628394,84.46147616849017,70348.83954668677,49776.154812034656,0.0,0.0,49776.154812034656,10135.84698818994,0.15097572462878514,3708.3134908940738,10800.0,10800.0,0.0,551.9173792837883,51983.82436454424,0.0
2025-09-05,1003.1398655428553,153.42233592553,183.00243479193335,49866.22814188662,33148.33643775778,0.0,0.0,33148.33643775778,33038.949936816,0.48367105290924,8011.794604741298,10800.0,10800.0,0.0,757.9105446326521,36179.97976285024,0.0
2025-09-06,765.2274327520595,253.5518256618532,138.67999238412617,46489.23354222035,30738.248551167493,0.0,0.0,30738.248551167493,30050.179900537813,0.4412312126507341,6517.2596794759365,10800.0,10800.0,0.0,1167.413156868186,35407.90262480659,0.0
2025-09-07,256.590012175279,125.19028553121335,52.46288398847722,64764.25337425406,45590.854454812856,0.0,0.0,45590.854454812856,5452.253449817154,0.0828357846309272,1474.1150232661328,10800.0,10800.0,0.0,1400.2931400656053,51192.027393930315,0.0
2025-09-08,171.37490217148766,208.72229810467323,46.561982246002785,64414.80244977947,45386.1814326824,0.0,0.0,45386.1814326824,1766.2532046433205,0.028485647162680438,364.7853375667339,10800.0,10783.849150959648,0.0,1406.7247290760133,51013.08051401262,0.0
2025-09-09,165.55130298791607,235.67245250565298,57.25363762558774,65383.50629225708,46125.516150753945,0.0,0.0,46125.516150753945,9485.762135655788,0.13953877133263518,329.14907020151736,10783.849150959648,10664.734050661156,0.0,1377.863274145273,51636.96941956789,0.0
2025-09-10,163.84777015711202,251.0423046374228,59.77066132385946,65399.05456428476,46084.89650711058,0.0,0.0,46084.89650711058,547.2685008923585,0.009127410716820564,534.421421439042,10664.734050661156,10498.727514002656,0.0,1146.7209389003583,50671.7805259192,0.0
2025-09-11,164.32993365965652,195.31728051452734,53.087459649245496,65779.80868688867,46468.22910859193,0.0,0.0,46468.22910859193,9154.291918770808,0.13612189807110187,372.95485202170806,10498.727514002656,10522.23854610642,0.0,855.3494036747488,49889.62689717132,0.0
2025-09-12,840.3011102563441,129.12258887068424,125.31748215147137,46390.5097965024,30670.77246672083,0.0,0.0,30670.77246672083,27687.54531080305,0.4317034200378186,4805.210139173062,10522.23854610642,10800.0,0.0,878.1600568515605,34183.4138914895,0.0
2025-09-13,610.2429224020888,221.3426183493069,113.27326301665236,43055.54666008414,28142.33885778751,0.0,0.0,28142.33885778751,29015.515471148305,0.43270262269061377,3864.6225794367692,10800.0,10800.0,0.0,1419.8096767923726,33821.57898515437,0.0
2025-09-14,250.83400173584494,181.49689672866694,71.30859491192203,59661.827670277315,41729.72112058638,0.0,0.0,41729.72112058638,0.0,0.0,0.0,10800.0,7350.62880313565,0.0,1419.8096767923726,47408.960277731836,0.0
2025-09-15,170.54994894062142,250.44029535982438,58.269017767824735,68253.2361895426,47513.428452868946,0.0,0.0,47513.428452868946,7083.040346913754,0.10782032222274818,338.67614144474805,7350.62880313565,10515.606005776368,0.0,0.0,47513.428549819146,0.0
2025-09-16,119.49684322241855,151.6238892113334,36.74241605963269,64976.20695793759,45936.28495565626,0.0,0.0,45936.28495565626,2954.927235285255,0.0473913713275562,340.4774772132786,10515.606005776368,9980.577118549312,0.0,872.5008716460216,49426.288817383414,0.0
2025-09-17,135.27448581427007,147.75151340101988,38.59312308626334,65918.48174392374,46520.902169935616,0.0,0.0,46520.902169935616,2591.9604517404073,0.042515774646796164,426.31799868334485,9980.577118549312,10139.72281277199,0.0,343.2130377326705,47893.75442181483,0.0
2025-09-18,129.5823560805307,127.16455243360454,33.80665647907871,64640.980840753924,45702.77517476106,0.0,0.0,45702.77517476106,2726.5551973768725,0.04408472902678023,298.15106440612135,10139.72281277199,9975.02745337049,0.0,502.35873195534805,47712.21032773203,0.0
2025-09-19,862.0958929353712,176.8010441672331,114.23864245054807,46909.27330750896,31092.19234911087,0.0,0.0,31092.19234911087,23063.83032684654,0.3896853704809831,4921.093299979548,9975.02745337049,10800.0,0.0,342.19930187583896,32460.9905482235,0.0
2025-09-20,570.5508718477676,177.5074645855767,75.46946178574376,42608.798255334594,27871.1649743268,0.0,0.0,27871.1649743268,21340.04602669619,0.35754278202014833,3268.8002232280846,10800.0,10800.0,0.0,1445.3925055058007,33652.73628091718,0.0
2025-09-21,261.72777503403563,164.5612124417265,47.72568015404467,60342.946523374325,42397.28563082025,0.0,0.0,42397.28563082025,917.3768835273333,0.014660485522918463,0.0,10800.0,9096.023536081597,0.0,1445.3925055058007,48178.85597857391,0.0
2025-09-22,126.47037553197157,99.57995274228963,30.37323599531784,64841.25329036987,45646.126828361506,0.0,0.0,45646.126828361506,125.33167994871965,0.0020680422870106873,604.958576372682,9096.023536081597,9801.474510468943,0.0,0.0,45646.1269815486,0.0
2025-09-23,131.0152560502286,152.4965890805766,42.689582772787084,65005.79611097424,45859.68133513833,0.0,0.0,45859.68133513833,0.0,0.0,0.0,9801.474510468943,9807.944273643621,0.0,153.72989914522373,46474.601046741656,0.0
2025-09-24,130.51330360888454,139.44601108951335,37.599800334246176,65592.75170361376,46454.912402961825,0.0,0.0,46454.912402961825,869.9087678215758,0.01451033723469879,582.5734246904805,9807.944273643621,10057.927321891473,0.0,160.19966231990225,47095.711149846415,0.0
2025-09-25,131.67651256568467,114.74088462386054,34.11511288469765,64645.88547354321,45924.87116683966,0.0,0.0,45924.87116683966,1393.4379997292033,0.023142621024246277,537.7010482483132,10057.927321891473,9737.17436237235,0.0,412.3506478134004,47574.27389479915,0.0
2025-09-26,893.5681560269088,183.5080701464857,120.45035358088772,47585.24618158481,31662.179542930928,0.0,0.0,31662.179542930928,21243.878885940416,0.37599712291665227,5555.80705756634,9737.17436237235,10800.0,0.0,91.59768829427787,32028.57120340343,0.0
2025-09-27,531.8190103698613,225.0300321673378,78.56992876932343,42806.88649347986,28057.143022089716,0.0,0.0,28057.143022089716,20361.220450724853,0.3501832698073693,2368.966577820445,10800.0,10800.0,0.0,1490.6587867462713,34019.77928500108,0.0
2025-09-28,278.79924329378275,175.21522027638173,73.33283172250042,59252.31324124971,41607.62147223248,1860.4224058295777,12693.258663912737,54300.88013614522,0.0,0.0,0.0,10800.0,5666.183360237815,0.0,1490.6587867462713,47570.256917906794,0.0
2025-09-29,130.49275227387713,90.72690817883182,32.67646622083987,69042.88727785181,47703.68113349348,10.349192802909215,48.47561908882677,47752.15675258231,0.0,0.0,0.0,5666.183360237815,9063.956165177855,0.0,0.0,47703.68118862676,0.0
2025-09-30,112.89291567525716,195.07816469512113,44.45987199196051,66022.8476231442,46815.804899997616,4.169646815488591,28.17221870884866,46843.97711870646,0.0,0.0,0.0,9063.956165177855,6917.141345860141,0.0,0.0,46815.80496098327,0.0
2025-10-01,199.95979489673832,417.2286601944338,91.5657208639434,68872.85198402978,48142.572323802095,0.0,0.0,48142.572323802095,11402.286274415248,0.16878040102075345,1708.7773201300392,6917.141345860141,10800.0,0.0,0.0,48142.5723238021,0.0
2025-10-02,189.01426611384287,199.68604164631435,55.67858122780481,63286.61601485874,44805.5854309859,0.0,0.0,44805.5854309859,7450.404983396838,0.1137450317506476,1412.715876082314,10800.0,10800.0,0.0,1485.3483816962944,50746.97917339934,0.0
2025-10-03,841.0180892320662,184.01118318337933,163.25815732708037,44185.01099520115,28981.540118573517,0.0,0.0,28981.540118573517,28326.18740673367,0.4446319990374031,6114.450044489271,10800.0,10800.0,0.0,1480.8569572223769,34904.96890765812,0.0
2025-10-04,569.6600177096926,119.83444752618269,83.69863401023116,41132.74601928958,26550.5460037398,0.0,0.0,26550.5460037398,21974.29408069006,0.3705525008648874,3873.3177030256224,10800.0,10800.0,0.0,1480.8569572223769,32473.97510921301,0.0
2025-10-05,236.22588915074363,187.37239770498056,37.13579136134202,59576.41932627601,41758.01629011657,0.0,0.0,41758.01629011657,2238.579136145345,0.03560734813736336,357.13782699574057,10800.0,10180.603482726861,0.0,1481.5482109020413,47684.20936320484,0.0
2025-10-06,154.79738820419738,91.61981015173174,28.287370374647182,63657.77448730286,45017.28754692938,0.0,0.0,45017.28754692938,2266.501956865225,0.037672671643671954,768.1642130572782,10180.603482726861,10434.097349272926,0.0,571.7483226046716,47304.281033499356,0.0
2025-10-07,152.1578824446139,93.98298512593296,33.486542909071844,63941.92154792681,45299.6784923161,0.0,0.0,45299.6784923161,2334.585109137868,0.039180347208359736,785.9235088257201,10434.097349272926,10715.365430127022,0.0,825.2421891507365,48600.64742934876,0.0
2025-10-08,99.81380995617374,132.63664612771328,34.08511923251771,61069.9573540167,42722.47233214412,0.0,0.0,42722.47233214412,2605.089760652995,0.04276768986268625,330.1748202301606,10715.365430127022,9658.484151993782,0.0,1313.2283584419492,47975.38609961066,0.0
2025-10-09,94.19946393493994,157.10957688912117,34.90496007080979,61375.98238667315,42795.534761730174,0.0,0.0,42795.534761730174,2684.745446398872,0.04353193611413076,290.76604411839924,9658.484151993782,9599.603003104243,0.0,50.40513069205258,42997.155556433325,0.0
2025-10-10,645.7741021691829,179.31574993755464,118.95507787168678,42141.05827116064,26908.73484164836,0.0,0.0,26908.73484164836,26702.136275583547,0.4236556848854936,2809.7836073207172,9599.603003104243,10800.0,0.0,0.0,26908.736030015647,0.0
2025-10-11,465.5777052264174,140.60302335172946,59.18219112867982,39116.45612376525,24585.98609332519,0.0,0.0,24585.98609332519,21142.304736458686,0.3665152568119518,1544.6071421340646,10800.0,10788.305007278932,0.0,1482.34402434384,30515.363609936237,0.0
2025-10-12,247.19431295368636,114.80462553178005,49.17292897842094,57831.40237592902,40018.54345617897,20.929933333333338,98.03580773333336,40116.57926391231,0.0,0.0,0.0,10788.305007278932,7205.6153849218135,0.0,1458.9540389017075,45854.35997824057,0.0
2025-10-13,97.91980072209269,124.42096519663988,31.128541069718136,64571.319793728224,44476.14129621329,0.0,0.0,44476.14129621329,2119.2920306976653,0.03494277827777236,382.7583462077698,7205.6153849218135,9519.235302213516,0.0,0.0,44476.1413745717,0.0
2025-10-14,98.32542879050132,134.15833276840962,36.46137635996217,62597.09798048538,43732.92369683077,0.0,0.0,43732.92369683077,0.0,0.0,0.0,9519.235302213516,8525.061242671874,0.0,0.0,43732.923853386674,0.0
2025-10-15,100.74003448847137,154.79588581766467,35.863141218224136,63719.29752226458,44368.778590333226,0.0,0.0,44368.778590333226,0.0,0.0,0.0,8525.061242671874,7757.108566823198,0.0,0.0,44368.77869706977,0.0
2025-10-16,100.34385039256854,205.86875585107953,44.820494216831825,64336.447772715066,44691.23975073742,0.0,0.0,44691.23975073742,0.0,0.0,0.0,7757.108566823198,6386.02202665428,0.0,0.0,44691.2398484059,0.0
2025-10-17,646.0970108724084,126.41307150064515,89.52588385841945,45836.51925650043,28737.880695722146,0.0,0.0,28737.880695722146,20391.411026848982,0.36452959098601206,2830.8468591272476,6386.02202665428,10800.0,0.0,0.0,28737.881680607916,0.0
2025-10-18,432.43046329846015,127.6469893026526,60.5151231526524,39051.85539019988,24577.037916506928,0.0,0.0,24577.037916506928,19012.029363878228,0.34206535369032115,1735.0971959737785,10800.0,10792.970908231804,0.0,1451.489835062146,30382.998431550768,0.0
2025-10-19,242.87628588559477,191.98981067410202,66.07537402594942,58994.883269175334,40907.346998369176,2704.4756888941574,18044.639400176235,58951.986398545414,0.0,0.0,0.0,10792.970908231804,5811.84900417352,0.0,1437.4316515257578,46657.07378331562,0.0
2025-10-20,92.66320889438565,173.63325289288017,40.140475518933094,68106.22989937666,46592.59442303409,0.0,0.0,46592.59442303409,0.0,0.0,0.0,5811.84900417352,6559.344885279292,0.0,0.0,46592.59444415623,0.0
2025-10-21,100.75001522811223,199.54178937138317,46.144391665197695,68236.67662836274,46783.37811593688,277.1152805015784,1910.2935969979549,48693.67171293483,0.0,0.0,0.0,6559.344885279292,5974.632732231375,0.0,0.0,46783.378115936874,0.0
2025-10-22,95.39519772398762,175.23397324177702,41.60711474581964,69924.450117993,47370.653458243105,0.0,0.0,47370.653458243105,0.0,0.0,0.0,5974.632732231375,7230.250373514579,0.0,0.0,47370.653458243105,0.0
2025-10-23,104.68126629518376,124.46252410799171,32.924967497110025,68566.96596754552,47114.53288078946,0.0,0.0,47114.53288078946,0.0059833333333333336,1.1114719321901664e-07,60.85314183631265,7230.250373514579,9445.970161623121,0.0,0.0,47114.53288078946,0.0
2025-10-24,578.275669622811,121.21060523646328,85.13775977798137,42544.27673998479,27039.52432904582,0.0,0.0,27039.52432904582,18241.91020866051,0.3396025567704442,2316.656247679902,9445.970161623121,10800.0,0.0,0.0,27039.52509023808,0.0
2025-10-25,380.4739362745448,126.68223027767765,50.21111915735335,39193.38777131854,24469.429531405258,0.0,0.0,24469.429531405258,16461.877975315445,0.3126997795799496,1282.2025691752476,10800.0,10502.672331771279,0.0,1440.3446980613699,30230.809306423907,0.0
2025-10-26,204.46567991397043,95.90318964760966,45.48996720143172,62053.65630437515,42981.73345620655,559.6824099499061,3572.9056245685733,46554.63908077512,0.0,0.0,0.0,10502.672331771279,5828.40571027886,0.0,881.2047586262652,46506.55254164162,0.0
2025-10-27,100.86394335990389,223.79569790326002,44.84354635566504,71159.17560201172,48238.72897690288,0.0,0.0,48238.72897690288,1315.4645594127978,0.02425356724459216,0.0,5828.40571027886,8965.046574979167,0.0,0.0,48238.72897690288,0.0
2025-10-28,100.95245762221363,128.4199597761851,33.10193883200085,68119.09276604795,47077.69434517814,0.0,0.0,47077.69434517814,0.0,0.0,0.0,8965.046574979167,8251.41974514728,0.0,0.0,47077.69434517814,0.0
2025-10-29,93.66539204489689,221.8072424443031,49.49746025824581,68987.81906272357,47518.387872396575,709.1518044985696,4709.285707420997,52227.67357981757,0.0,0.0,0.0,8251.41974514728,6003.108979007821,0.0,0.0,47518.387872396575,0.0
2025-10-30,109.72336176415693,125.06738578408188,34.13996153721831,72024.07569822934,48883.945131831526,0.0,0.0,48883.945131831526,583.4519785346819,0.011192624841415665,310.84097078620954,6003.108979007821,9231.995360670195,0.0,0.0,48883.94513183152,0.0
2025-10-31,529.0934659040903,253.13042615190813,52.81656314604484,43196.93314557606,27458.931739412357,0.0,0.0,27458.931739412357,13114.992081390685,0.27411589816375853,2404.232276936942,9231.995360670195,10800.0,0.0,0.0,27458.932507497426,0.0
2025-11-01,343.2135000640579,120.47789127537096,40.855386450956,39825.959515853334,24870.395778799197,0.0,0.0,24870.395778799197,13830.588607586005,0.2798005411228697,1243.3641043079783,10800.0,10681.322467251295,0.0,875.8040586478674,28373.61285348687,0.0
2025-11-02,210.60459120799618,147.01138489500784,59.199053075105745,64559.85143191937,44377.8360720176,2369.7585764033247,15733.522658082922,60111.35873010052,0.0,0.0,0.0,10681.322467251295,5907.663361542451,0.0,676.6356698396994,47084.37877855038,0.0
2025-11-03,96.79326566965086,185.17061779143415,41.44847828571513,73953.02873908219,50190.85528566617,0.0,0.0,50190.85528566617,0.0,0.0,0.0,5907.663361542451,7379.17085897051,0.0,0.0,50190.85528566618,0.0
2025-11-04,108.62475989899102,134.64544844729127,31.519926466014827,73383.27834105594,49829.73045312143,0.0,0.0,49829.73045312143,797.6508497468628,0.016011767789616882,446.0309516222872,7379.17085897051,8900.213311360936,0.0,0.0,49829.73045312143,0.0
2025-11-05,109.35990509010122,138.35690496148734,36.204395418333135,72006.41237565014,49401.62766553539,0.0,0.0,49401.62766553539,0.0,0.0,0.0,8900.213311360936,8190.159757220494,0.0,0.0,49401.62766553539,0.0
2025-11-06,107.41058193276326,223.14340643586593,50.630398580743886,71736.54172266142,49194.15752556185,303.12804158254187,1628.0945585480113,50822.25208410986,0.0,0.0,0.0,8190.159757220494,5941.324124137434,0.0,0.0,49194.157525561845,0.0
2025-11-07,437.12623975223335,175.24644748479602,69.92329826259437,46700.58693598158,28800.233027438087,0.0,0.0,28800.233027438087,14384.303889661838,0.29419414124633314,1608.6098299465625,5941.324124137434,10800.0,0.0,0.0,28800.233503820902,0.0
2025-11-08,292.9417170605609,103.90163491824445,36.0555065535951,39614.47084278628,24481.91281241933,0.0,0.0,24481.91281241933,13068.230409913092,0.27087974848223284,1083.3067322670954,10800.0,10075.666614665808,0.0,688.6375997654923,27236.46393810984,0.0
2025-11-09,197.10039375931294,163.13971324239654,59.672846720344324,68116.1816815635,46554.48331058459,2002.0035055969934,13138.96607109546,59693.44938168005,0.0,0.0,0.0,10075.666614665808,5907.845472869717,0.0,0.0,46554.48331058459,0.0
2025-11-10,112.48278482697646,216.78867816728268,52.11374230069053,76875.81630367905,51544.999944632975,482.5096666847861,2905.349378888159,54450.349323521135,0.0,0.0,0.0,5907.845472869717,6124.663114899947,0.0,0.0,51544.999944632975,0.0
2025-11-11,96.57275956856918,124.32572228823317,32.63690503969778,77554.44255544616,52241.95056696565,0.0,0.0,52241.95056696565,0.0,0.0,0.0,6124.663114899947,8755.9871888434,0.0,0.0,52241.95056696565,0.0
2025-11-12,96.54825810782205,136.65408907748807,32.061792373988624,74701.28643757603,51066.03758152218,0.0,0.0,51066.03758152218,16.27502143720933,0.0003502963214138748,383.46085223187606,8755.9871888434,8874.662530926073,0.0,0.0,51066.03758152218,0.0
2025-11-13,110.46386086300124,166.78823869479024,41.22174438854471,74934.56751934151,51508.73144575814,0.0,0.0,51508.73144575814,0.0,0.0,0.0,8874.662530926073,8322.868967953613,0.0,0.0,51508.73144575814,0.0
2025-11-14,434.99510218683577,187.28996716160907,45.72987818353871,44276.46485133454,27744.91982083247,0.0,0.0,27744.91982083247,10521.772386828206,0.23837576804904856,1496.5679012132655,8322.868967953613,10800.0,0.0,0.0,27744.920222537905,0.0
2025-11-15,256.6094228016163,151.98492322545474,32.01423747218815,39828.4303012381,24571.72996996773,0.0,0.0,24571.72996996773,9020.652246307556,0.20383310183508532,937.921034278675,10800.0,9914.018274704347,0.0,322.48052415965503,25861.652535043577,0.0
2025-11-16,206.45533595265897,159.46373476156506,59.043567370264,72191.13147147854,49136.25550929282,1435.4930318769284,8895.672931114133,58031.928440406955,0.0,0.0,0.0,9914.018274704347,5800.987616303553,0.0,0.0,49136.25550929283,0.0
2025-11-17,109.50183720158266,107.74016178451873,29.65469905381722,81049.6841398936,54549.993929275704,0.0,0.0,54549.993929275704,1129.0110608376021,0.025328939904207096,703.4475857621798,5800.987616303553,8816.092917924541,0.0,0.0,54549.993929275704,0.0
2025-11-18,103.74771942514546,179.40261843162978,42.69791952657957,77060.47258861293,52745.76086909617,0.0,0.0,52745.76086909617,0.0,0.0,0.0,8816.092917924541,7736.9675013596925,0.0,0.0,52745.76086909617,0.0
2025-11-19,103.1392209611236,154.01698276562556,38.022196396846226,78745.6229828372,53391.92697143997,0.0,0.0,53391.92697143997,0.0,0.0,0.0,7736.9675013596925,7609.357615149589,0.0,0.0,53391.92697143997,0.0
2025-11-20,104.01694594371071,132.2097179394312,34.085714899415606,79444.67204803531,53957.59329181529,0.0,0.0,53957.59329181529,0.3137833333333333,7.2882390322768265e-06,188.3416375117009,7609.357615149589,8629.678332313213,0.0,0.0,53957.59329181529,0.0
2025-11-21,395.9301379666188,114.86111231754847,49.70518140332952,44318.59766164643,27601.762812228902,0.0,0.0,27601.762812228902,9910.058562824628,0.22974628753095946,1523.2972132987616,8629.678332313213,10375.07048316529,0.0,0.0,27601.762989825987,0.0
2025-11-22,245.63187112038435,137.71891277794248,29.544739380954134,41034.83459377231,25261.24071892463,0.0,0.0,25261.24071892463,8007.007059545287,0.18915643288634476,948.4606840388726,10375.07048316529,9675.379987208658,0.0,0.0,25261.24101591836,0.0
2025-11-23,159.9012032328744,147.55637869352802,46.794785147069256,75546.82547487371,51148.85431518435,124.96054981916848,563.869776166429,51712.72409135078,0.0,0.0,0.0,9675.379987208658,6562.3308194527535,0.0,0.0,51148.85431518434,0.0
2025-11-24,97.92307817091616,132.03559680431258,31.600309214789043,81530.69140696785,54757.02229448079,0.0,0.0,54757.02229448079,1646.8093376838174,0.03758659230990885,626.833175824173,6562.3308194527535,8107.421098047773,0.0,0.0,54757.0222944808,0.0
2025-11-25,94.77511305117625,155.0025409319279,35.66241529827519,80238.22193973302,54125.89012025244,0.0,0.0,54125.89012025244,0.0988,2.3799354053493395e-06,246.19468275935958,8107.421098047773,8393.311008979976,0.0,0.0,54125.89012025244,0.0
2025-11-26,118.1550632046422,128.99732540451316,36.61840211772038,80876.72329001986,54919.57375347988,2.6585335849688363,12.45257131199403,54932.02632479188,4.925891179093542,0.0001203527786724707,439.043091479121,8393.311008979976,8607.719993696668,0.0,0.0,54919.57375347988,0.0
2025-11-27,88.85300715090408,109.9818716292465,28.47151830694024,80796.4814996403,54810.751929497696,0.0,0.0,54810.751929497696,1052.2915026192768,0.02540708352543004,638.0217023035515,8607.719993696668,8572.819323190111,0.0,0.0,54810.751929497696,0.0
2025-11-28,363.83266649098874,113.3814159006633,45.84087132967326,44867.748313292395,27677.062277229626,0.0,0.0,27677.062277229626,8420.140673376936,0.20378975144239636,1347.7756701448793,8572.819323190111,10231.287609671821,0.0,0.0,27677.062366790873,0.0
2025-11-29,260.15396566967854,261.3800535542412,46.27435986947675,41133.598707323814,25036.753319817388,0.0,0.0,25036.753319817388,3571.6325179154137,0.09594263637580464,1000.5584374423418,10231.287609671821,9299.939780302553,0.0,0.0,25036.753431019504,0.0
2025-11-30,186.12326252438191,182.8134791649928,60.68965369287878,78901.21586307127,52839.374452424585,1337.8590039963983,8889.674382680954,61729.04883510554,0.0,0.0,0.0,9299.939780302553,5831.766743506241,0.0,0.0,52839.374452424585,0.0
2025-12-01,350.20819468597165,152.02761608371824,80.46784933071122,86126.62687659558,57190.67717417798,4129.313170123561,22180.011720319388,79370.68889449738,0.0,0.0,0.0,5831.766743506241,5870.749343493073,0.0,0.0,57190.67717417798,0.0
2025-12-02,331.79028192272926,209.1456516714012,89.96699443801964,87259.20592392382,58135.38644293304,5051.940480382447,28390.768494795506,86526.15493772854,0.0,0.0,0.0,5870.749343493073,5895.711319367579,0.0,0.0,58135.38644293305,0.0
2025-12-03,307.92638293120376,160.49689758062993,72.68163178784727,88741.81566497401,59343.34487738613,2217.547175747583,12596.82562351368,71940.17050089981,0.0,0.0,0.0,5895.711319367579,5830.903108635814,0.0,0.0,59343.34487738613,0.0
2025-12-04,336.1810398421444,117.38630301900457,71.80801838965533,88610.51825294681,59234.1267475903,2645.8991745065937,13357.1494357712,72591.27618336151,0.0,0.0,0.0,5830.903108635814,6318.665838222787,0.0,0.0,59234.12674759029,0.0
2025-12-05,276.69638390789817,139.78112436783255,41.15486930019338,53786.35067750118,32439.164359259248,0.0,0.0,32439.164359259248,4346.109793456287,0.11572208121965794,1362.904840403211,6318.665838222787,10031.687604180419,0.0,0.0,32439.164359259248,0.0
2025-12-06,188.74065626691538,161.54655557078843,46.7443159961552,47704.7175863657,28651.234870176428,0.0,0.0,28651.234870176428,957.5293404376548,0.026742005544953346,880.721229567928,10031.687604180419,9247.912870615633,0.0,0.0,28651.234870176428,0.0
2025-12-07,447.7850283254899,90.28289099048855,85.3473615459814,83962.05032532552,56184.68361315591,3642.784915549108,21980.182739309028,78164.86635246495,0.0,0.0,0.0,9247.912870615633,5658.946628696529,0.0,0.0,56184.68361315591,0.0
2025-12-08,177.41465020633467,128.9998205422911,49.39273121955351,94246.08059109848,62784.89744710466,0.0,0.0,62784.89744710466,0.0,0.0,5.677421883010197,5658.946628696529,7883.184370489408,0.0,0.0,62784.89744710466,0.0
2025-12-09,179.87133226215116,108.02873480105609,39.99500182614426,92803.7686298044,62428.944225279265,0.0,0.0,62428.944225279265,957.2030231410048,0.025657996126088302,214.40746280584509,7883.184370489408,8063.04303808126,0.0,0.0,62428.944225279265,0.0
2025-12-10,179.87135317520108,141.4684568435031,49.94846731416655,92160.452917404,61981.10785626123,0.0,0.0,61981.10785626123,1.7597819568751447,4.889485748607177e-05,0.0,8063.04303808126,7961.018943411519,0.0,0.0,61981.10785626123,0.0
2025-12-11,159.1490660032034,81.9283269672014,34.286772686684884,92823.44996713492,62484.525935257654,0.0,0.0,62484.525935257654,2018.9641416679324,0.05337426880538688,786.7911719349343,7961.018943411519,8256.102028955313,0.0,0.0,62484.525935257654,0.0
2025-12-12,404.11334507812415,163.0275034523876,55.77818508904002,58921.81541675766,35729.18114898022,0.0,0.0,35729.18114898022,8254.679565457247,0.23620370902054222,2082.4186434098538,8256.102028955313,10440.73228270643,0.0,0.0,35729.18114898023,0.0
2025-12-13,241.45430934567725,109.65000144786329,33.81078822925008,53971.77106371824,32386.682657027013,0.0,0.0,32386.682657027013,6998.661429435651,0.19972423070769438,1270.6869075195755,10440.73228270643,9636.926986648246,0.0,0.0,32386.682657027013,0.0
2025-12-14,336.15506988216845,89.01794574371019,70.35284711880472,87450.96813806871,58343.107843721016,1272.6181609059038,8177.431598235775,66520.53944195679,0.0,0.0,0.0,9636.926986648246,5822.775974285619,0.0,0.0,58343.107843721016,0.0
2025-12-15,157.26550521780007,120.25176390575305,45.47810991642097,96497.35878468168,63840.02635719029,0.0,0.0,63840.02635719029,152.99248938196024,0.004391834584733104,430.7188381676118,5822.775974285619,7948.348542291265,0.0,0.0,63840.02635719029,0.0
2025-12-16,167.59763937541126,110.27328706130017,44.082197092923174,94468.85372135762,63187.68643965176,0.0,0.0,63187.68643965176,726.7141882275175,0.020628381168824303,407.65747481188544,7948.348542291265,7822.676492667204,0.0,0.0,63187.68643965177,0.0
2025-12-17,171.72627981018297,58.85663094678585,34.02167171821559,94883.01672885171,63353.18868809064,0.0,0.0,63353.18868809064,1996.1063357204125,0.055027496255753074,568.7809923042214,7822.676492667204,7997.565834668119,0.0,0.0,63353.18868809064,0.0
2025-12-18,180.08318071998747,107.97002476964805,41.57718591781794,93621.71397329954,62555.897374965614,0.0,0.0,62555.897374965614,1698.613614957542,0.04597172783477396,498.95311897779254,7997.565834668119,7961.72453469241,0.0,0.0,62555.89737496561,0.0
2025-12-19,453.85669547534604,111.27209170909202,65.24205813619493,62409.84459722314,37768.85652236723,0.0,0.0,37768.85652236723,11275.718127106607,0.3159797937408535,3349.4589786146453,7961.72453469241,10201.159334338157,0.0,0.0,37768.85652236723,0.0
2025-12-20,277.3802524506446,76.3118530826471,40.37553196234136,55762.831149940655,33474.58843976001,0.0,0.0,33474.58843976001,8952.516275326696,0.24998532087356656,1907.3983930335344,10201.159334338157,9516.592375428021,0.0,0.0,33474.58843976001,0.0
2025-12-21,343.22416428279126,93.57520603803965,69.46522568591419,88256.45108371973,58809.26242741792,971.7983014079872,6586.288452081581,65395.5508794995,10.511806628949785,0.0002974591254072168,0.0,9516.592375428021,5884.325666449821,0.0,0.0,58809.26242741792,0.0
2025-12-22,163.47959473885282,65.48358909830517,33.207239748564106,97890.20834022557,64801.217730395074,0.0,0.0,64801.217730395074,2342.8353334257636,0.06547702923357411,417.6175470466301,5884.325666449821,7774.618737073932,0.0,0.0,64801.21773039508,0.0
2025-12-23,141.62680990557067,57.31768390466007,26.52876440035459,95924.92544913926,64088.395352043044,0.0,0.0,64088.395352043044,4029.06427106917,0.10978806928210341,452.3094922522215,7774.618737073932,8060.838458140735,0.0,0.0,64088.395352043044,0.0
2025-12-24,140.62945618937,92.38728736872302,34.06777130646477,94890.40957674722,63352.95146478493,0.0,0.0,63352.95146478493,2707.117143055265,0.07498978514223079,472.08034139109725,8060.838458140735,7923.7297338776825,0.0,0.0,63352.95146478493,0.0
2025-12-25,157.50082289345985,82.19962222135592,35.216486100128385,94787.039678109,63537.329589999135,0.0,0.0,63537.329589999135,2289.8159215410888,0.06364593676560325,681.2198266543646,7923.7297338776825,8053.008162561529,0.0,0.0,63537.32958999914,0.0
2025-12-26,502.038961678421,114.75829427027618,70.93112728393794,63469.69464626728,38482.28671479075,0.0,0.0,38482.28671479075,11096.318090263352,0.31467592504891695,3908.0922882694003,8053.008162561529,10800.0,0.0,0.0,38482.28671479075,0.0
2025-12-27,302.91881518684073,82.32738132921155,43.37132713952014,56031.91361972625,33916.510334276856,0.0,0.0,33916.510334276856,8354.032287017464,0.23820767011412017,2732.4594066760624,10800.0,9821.40019019369,0.0,0.0,33916.51034399693,0.0
2025-12-28,304.33861092434904,70.09612178998067,52.15279246444805,88581.58500728972,59137.17389276983,24.32141909991867,141.85367924211795,59279.027572011946,445.0562642602832,0.012126207900582114,8.500604567165436,9821.40019019369,7276.7024840395015,0.0,0.0,59137.17389276983,0.0
2025-12-29,120.47187774333763,84.92321451877231,26.15297771759596,96539.42365361373,64458.25892334293,0.0,0.0,64458.25892334293,3928.8338595733962,0.10867079259444958,629.9183764808663,7276.7024840395015,7906.804544755515,0.0,0.0,64458.258923342924,0.0
2025-12-30,114.00997388007373,105.81789251236378,30.743627818408715,95524.96516074546,63855.54704565822,0.0,0.0,63855.54704565822,4256.458680422302,0.11410772971032318,1059.754692722263,7906.804544755515,8119.029350252347,0.0,0.0,63855.54704565821,0.0
2025-12-31,137.1829246486444,93.40462912856349,36.278598118604464,95118.11329082208,63806.55239360739,0.0,0.0,63806.55239360739,2363.6655680077643,0.06725413550301415,518.7291244748246,8119.029350252347,7811.537672275198,0.0,0.0,63806.55239360739,0.0
