date,q0_kwh,active_kwh,up_kwh,down_kwh,emergency_kwh,charge_kwh,discharge_kwh,spill_kwh,storage_loss_kwh,plan_cost,up_cost,down_penalty,refund,emergency_cost,total_cost,start_soc_kwh,end_soc_kwh,forecast_plan_cost,price_mae_0,mean_actual_price
2025-02-01,47309.6989514509,47309.6989514509,0.0,0.0,0.0,15828.682645773753,12549.03302188627,9651.873394230079,2977.2052670091834,21659.76178316789,0.0,0.0,0.0,0.0,21659.76178316789,7351.026421393297,7653.470778271605,22782.246492175313,0.07714965277777777,0.6514930555555556
2025-02-02,92879.42519193019,92879.42519193019,0.0,0.0,0.0,17117.138204982515,14168.424229861232,11574.433266808905,3285.983179371722,67667.78881515202,0.0,0.0,0.0,0.0,67667.78881515202,7653.470778271605,7316.201574021165,71831.48963484034,0.08738142361111112,0.8363881944444445
2025-02-03,91583.65016113111,91583.65016113111,0.0,0.0,0.0,18064.03818103076,14601.279667396826,7903.975147497189,3428.768225591612,67465.25248983684,0.0,0.0,0.0,0.0,67465.25248983684,7316.201574021165,7350.1918620634915,69785.02640023938,0.07680399305555556,0.8447902777777778
2025-02-04,91976.22966405429,91976.22966405429,0.0,0.0,0.0,18170.220601538997,14628.357719333098,7239.502831848403,3442.3951400797996,67820.76799111812,0.0,0.0,0.0,0.0,67820.76799111812,7350.1918620634915,7449.659604189594,69993.2187731979,0.0688545138888889,0.8491895833333333
2025-02-05,90670.61520135861,90670.61520135861,0.0,0.0,0.0,17572.331597535805,14443.941126228603,6793.797746718072,3362.1155071123144,66709.48403252928,0.0,0.0,0.0,0.0,66709.48403252928,7449.659604189594,7215.9345683844795,68829.59819371799,0.07384149305555557,0.8482541666666666
2025-02-06,92111.51185924206,92111.51185924206,0.0,0.0,0.0,18527.366329018165,14975.575155312652,8288.663468869883,3516.6894279365556,67689.94911286658,0.0,0.0,0.0,0.0,67689.94911286658,7215.9345683844795,7251.036314153441,70383.79812977016,0.07758333333333334,0.8439645833333334
2025-02-07,45690.2624718496,45690.2624718496,0.0,0.0,0.0,15800.33944853562,13035.209585040047,11119.452941687367,3028.3905654135674,20743.876847012692,0.0,0.0,0.0,0.0,20743.876847012692,7251.036314153441,6987.7756122354485,21670.27883664391,0.07940121527777777,0.6440388888888889
2025-02-08,43369.978606503355,43369.978606503355,0.0,0.0,0.0,16024.429329443465,12963.623652730157,8732.010213123378,3042.845561025475,19135.168582293234,0.0,0.0,0.0,0.0,19135.168582293234,6987.7756122354485,7005.735727923281,19940.20008295944,0.06820381944444445,0.6423513888888889
2025-02-09,86694.0825226444,86694.0825226444,0.0,0.0,0.0,19611.268687471857,16208.178632983163,3735.576501489047,3762.0356057453155,62125.56486347557,0.0,0.0,0.0,0.0,62125.56486347557,7005.735727923281,6646.7901766666655,64714.1846415805,0.06405555555555557,0.8413840277777778
2025-02-10,88278.62594612177,88278.62594612177,0.0,0.0,0.0,18745.377314457182,14938.179902865078,10144.790951196339,3534.3354984307275,62421.49907270216,0.0,0.0,0.0,0.0,62421.49907270216,6646.7901766666655,6919.652089828043,63701.37441129064,0.04313611111111111,0.8180638888888888
2025-02-11,86283.36404453483,86283.36404453483,0.0,0.0,0.0,18568.74109439082,15233.270138444657,7727.295955255325,3549.459680377378,61065.80248347407,0.0,0.0,0.0,0.0,61065.80248347407,6919.652089828043,6705.663365396826,61993.735885045404,0.039537499999999996,0.828492361111111
2025-02-12,85944.8139403532,85944.8139403532,0.0,0.0,0.0,19301.248247521795,15627.180833397413,7004.010392895484,3666.4782506852257,60371.071018811395,0.0,0.0,0.0,0.0,60371.071018811395,6705.663365396826,6713.252528835976,61454.89015108769,0.044407638888888885,0.8264243055555556
2025-02-13,85149.24817028956,85149.24817028956,0.0,0.0,0.0,17306.62297857143,13921.674929285711,10434.821104337178,3277.5150677777783,59429.59959291299,0.0,0.0,0.0,0.0,59429.59959291299,6713.252528835976,6820.6855103439175,60590.02093246811,0.053643055555555555,0.8147909722222222
2025-02-14,41461.46021343814,41461.46021343814,0.0,0.0,0.0,17782.111761861972,14353.517241108197,8231.063876017703,3373.0464251982194,17762.822227659646,0.0,0.0,0.0,0.0,17762.822227659646,6820.6855103439175,6876.233605899471,17637.199848518085,0.04500277777777778,0.6311
2025-02-15,40769.85281494838,40769.85281494838,0.0,0.0,0.0,18077.531917625296,14935.130400871723,8347.360198194809,3467.2121251927215,17766.62762308109,0.0,0.0,0.0,0.0,17766.62762308109,6876.233605899471,6551.42299746032,16935.514552091732,0.03733611111111111,0.6378472222222222
2025-02-16,82916.84737226715,82916.84737226715,0.0,0.0,0.0,19737.358664967895,15778.217641983521,3580.327249282778,3726.8711600505144,57692.114326115305,0.0,0.0,0.0,0.0,57692.114326115305,6551.42299746032,6783.6928603941815,57691.82853195139,0.03430486111111111,0.8303222222222222
2025-02-17,82361.12230617406,82361.12230617406,0.0,0.0,0.0,18754.742223219186,15240.52027956349,7663.0371958517035,3568.8653644956403,56793.43963216006,0.0,0.0,0.0,0.0,56793.43963216006,6783.6928603941815,6729.049439554233,55845.25437214161,0.0341125,0.8173527777777778
2025-02-18,81667.48416155227,81667.48416155227,0.0,0.0,0.0,19173.78180240419,15321.887746284307,5724.202322099057,3619.8101520497867,55544.02477774468,0.0,0.0,0.0,0.0,55544.02477774468,6729.049439554233,6961.1333436243385,56145.251676777014,0.03575138888888888,0.8145215277777778
2025-02-19,80981.0725658671,80981.0725658671,0.0,0.0,0.0,20683.269955893167,17119.17427526288,4537.649501903481,3970.457470618526,55157.262029482576,0.0,0.0,0.0,0.0,55157.262029482576,6961.1333436243385,6554.771553636098,55208.22206586979,0.03846666666666668,0.8164298611111112
2025-02-20,80891.40886939722,80891.40886939722,0.0,0.0,21.94366190476171,19445.225045677696,15507.958344194443,5982.952096485397,3667.6289872560415,55183.735845309486,0.0,0.0,0.0,123.11491511666559,55306.850760426154,6554.771553636098,6824.409267863316,54376.27603755965,0.03620069444444445,0.8168069444444445
2025-02-21,38782.72509686314,38782.72509686314,0.0,0.0,0.0,17685.06018001469,14201.90376269841,9739.306646213525,3346.4953249679593,16501.435842686424,0.0,0.0,0.0,0.0,16501.435842686424,6824.409267863316,6961.070360211643,16023.986387960791,0.03660833333333333,0.62085
2025-02-22,38504.75644482675,38504.75644482675,0.0,0.0,0.0,18670.70594052518,15190.12602861111,7179.413649579352,3554.862375009308,16531.03898286865,0.0,0.0,0.0,0.0,16531.03898286865,6961.070360211643,6886.787897116401,16221.737802612448,0.033522916666666666,0.6352840277777778
2025-02-23,79666.7166745734,79666.7166745734,0.0,0.0,0.0,19837.416311707253,16153.203971816201,4450.650651349017,3778.5420724836367,54053.53559316792,0.0,0.0,0.0,0.0,54053.53559316792,6886.787897116401,6792.458164523811,54163.51593778366,0.03893263888888889,0.8153784722222223
2025-02-24,79102.60839051286,79102.60839051286,0.0,0.0,8.2959452380951,20671.641475819048,16696.0172445801,6932.24648784535,3922.2771747574716,53240.21432189405,0.0,0.0,0.0,42.388132194046925,53282.6024540881,6792.458164523811,6845.805221005291,53131.664694286905,0.03705625,0.8082493055555555
2025-02-25,78930.85021873411,78930.85021873411,0.0,0.0,9.29946428571418,19496.40684436696,15983.728471532473,9606.148076852005,3725.6105146069713,52252.9895291827,0.0,0.0,0.0,47.72485071428517,52300.714379896985,6845.805221005291,6632.87307923281,52370.86987211865,0.04598472222222222,0.7940965277777778
2025-02-26,78931.22177429857,78931.22177429857,0.0,0.0,0.0,21312.910365408487,16894.064789925324,5697.528165482079,4008.4093465325514,52554.67887632567,0.0,0.0,0.0,0.0,52554.67887632567,6632.87307923281,7043.309308183424,52073.941784902694,0.03988749999999999,0.8055381944444444
2025-02-27,76999.02500905847,76999.02500905847,0.0,0.0,0.0,21337.987776368172,17598.21022413961,6302.663256829917,4089.1554692078853,50003.721853982715,0.0,0.0,0.0,0.0,50003.721853982715,7043.309308183424,6693.931391204105,51423.07465091668,0.04176180555555556,0.7979118055555555
2025-02-28,36608.68079222632,36608.68079222632,0.0,0.0,0.0,18676.177615451244,15073.250402534048,9713.160029309116,3542.423361826686,15031.68599634034,0.0,0.0,0.0,0.0,15031.68599634034,6693.931391204105,6754.435242294623,15114.591761012241,0.037295138888888885,0.6166784722222222
2025-03-01,36607.4693210357,36607.4693210357,0.0,0.0,0.0,18332.618644667746,14851.163306042567,9467.248049077189,3483.3911206937264,15284.410493710773,0.0,0.0,0.0,0.0,15284.410493710773,6754.435242294623,6752.499460226071,15340.271067104128,0.041203472222222225,0.6142222222222222
2025-03-02,76620.54642430616,76620.54642430616,0.0,0.0,1476.3917471834782,20716.546918891174,17375.773811616422,2397.8579975482317,4002.296226513164,50542.31398651609,0.0,0.0,0.0,9162.137215699984,59704.45120221607,6752.499460226071,6090.976340987655,50608.577601313526,0.04558958333333333,0.8122930555555556
2025-03-03,77205.90609659028,77205.90609659028,0.0,0.0,950.4336437942053,22556.233268274933,18230.733088691588,1813.6929274677993,4281.260336682114,50927.9396092268,0.0,0.0,0.0,6137.05220542463,57064.99181465143,6090.976340987655,6135.216183888889,50756.936133573014,0.042131249999999995,0.8118500000000001
2025-03-04,78295.23676565061,78295.23676565061,0.0,0.0,0.0,21547.316547646602,16933.515442522323,4481.977727192995,4036.2333706004742,51531.34440842652,0.0,0.0,0.0,0.0,51531.34440842652,6135.216183888889,6712.7839184127,50808.93521811174,0.04432569444444444,0.8006277777777778
2025-03-05,78356.15976036609,78356.15976036609,0.0,0.0,0.0,19796.15028367872,16187.15952544643,8616.69698546714,3778.188308973031,50696.203192345805,0.0,0.0,0.0,0.0,50696.203192345805,6712.7839184127,6543.586367671958,51559.29650610212,0.03601388888888889,0.7945006944444445
2025-03-06,78217.59106283264,78217.59106283264,0.0,0.0,0.0,20306.308020897093,16373.302295640931,8343.93120424314,3849.8866127164797,50610.47431490242,0.0,0.0,0.0,0.0,50610.47431490242,6543.586367671958,6626.705480211643,50170.91250572218,0.03754791666666667,0.7918569444444444
2025-03-07,35051.13959881005,35051.13959881005,0.0,0.0,0.0,17150.119301756116,13808.67853846214,10787.41330218274,3249.3095455602943,14303.629282752308,0.0,0.0,0.0,0.0,14303.629282752308,6626.705480211643,6718.836697945325,14019.166398878206,0.04369097222222222,0.6085013888888889
2025-03-08,33362.93666374652,33362.93666374652,0.0,0.0,0.0,19432.80072373988,15721.06897219557,10588.065395535543,3690.065513729052,13744.878318760024,0.0,0.0,0.0,0.0,13744.878318760024,6718.836697945325,6740.502935760583,13550.299537731838,0.040070138888888884,0.5972631944444444
2025-03-09,75050.06434520402,75050.06434520402,0.0,0.0,0.0,21847.25069660494,17712.45242999706,7581.741028596153,4152.775339660167,47585.65693268982,0.0,0.0,0.0,0.0,47585.65693268982,6740.502935760583,6722.525862708291,48564.26413312549,0.05063541666666667,0.7838090277777777
2025-03-10,73613.65429053079,73613.65429053079,0.0,0.0,0.0,22104.062205074275,18040.35743139881,1507.8780668553209,4214.89037955174,48209.33333540792,0.0,0.0,0.0,0.0,48209.33333540792,6722.525862708291,6571.340256832012,47502.15436045749,0.041366666666666656,0.8024513888888889
2025-03-11,73480.96247775364,73480.96247775364,0.0,0.0,0.0,20967.49086134669,16914.631098428916,5489.1839148358695,3976.15254151566,46807.08410732012,0.0,0.0,0.0,0.0,46807.08410732012,6571.340256832012,6648.047478234127,47075.50727737759,0.039281944444444446,0.7893930555555556
2025-03-12,72465.53564332194,72465.53564332194,0.0,0.0,0.0,19785.539355180776,16198.335355357143,6442.796960164976,3778.368975002205,45726.391437044214,0.0,0.0,0.0,0.0,45726.391437044214,6648.047478234127,6456.882503055555,45678.351761050966,0.040403472222222216,0.7801680555555556
2025-03-13,71852.90166388567,71852.90166388567,0.0,0.0,634.5483480759012,22128.26949565696,18080.477604565473,894.040104203411,4221.768905628526,46076.06950655101,0.0,0.0,0.0,4080.7804264761207,50156.84993302713,6456.882503055555,6282.905488518519,45262.99471275888,0.045145833333333336,0.7996375
2025-03-14,32491.748232855673,32491.748232855673,0.0,0.0,0.0,17752.10421125808,14039.008222619044,12749.226260883304,3335.1002236390354,12983.883502049644,0.0,0.0,0.0,0.0,12983.883502049644,6282.905488518519,6660.90125351852,12876.363576550648,0.04711180555555555,0.5913868055555556
2025-03-15,32963.33169818283,32963.33169818283,0.0,0.0,0.0,20028.80488800705,16696.73949814286,8707.141158318638,3858.073766372134,13481.217956087416,0.0,0.0,0.0,0.0,13481.217956087416,6660.90125351852,6134.892877010583,12905.030296761019,0.04032291666666667,0.6047722222222222
2025-03-16,72187.19098236154,72187.19098236154,0.0,0.0,1.6400000000001,22657.441567305996,17834.862954785713,4015.2054365079352,4247.395596151235,45362.64320365116,0.0,0.0,0.0,8.081100000000493,45370.72430365116,6134.892877010583,6710.075893379631,44490.05382304782,0.04234305555555556,0.784895138888889
2025-03-17,71371.82001372722,71371.82001372722,0.0,0.0,0.0,18789.837273228975,15173.293255357143,9897.144562522055,3564.905200140358,43811.98408039261,0.0,0.0,0.0,0.0,43811.98408039261,6710.075893379631,6761.714711111113,45831.95175452282,0.05467847222222222,0.7601756944444444
2025-03-18,69351.52853646384,69351.52853646384,0.0,0.0,0.0,21300.062858436206,17444.292398809524,4369.799710170496,4068.2609968224565,43189.590552999645,0.0,0.0,0.0,0.0,43189.590552999645,6761.714711111113,6549.224173915346,43497.838161988155,0.03752638888888889,0.7760166666666666
2025-03-19,70004.67179062315,70004.67179062315,0.0,0.0,0.0,21697.622511324214,17174.945826785715,6016.524656084656,4078.0895652197237,43194.66977515993,0.0,0.0,0.0,0.0,43194.66977515993,6549.224173915346,6993.811293234125,43272.92484733379,0.04139513888888889,0.7718381944444445
2025-03-20,69383.82153762493,69383.82153762493,0.0,0.0,0.0,21143.1537644033,17442.57688809524,3474.282844650196,4052.379475117579,43573.745263722834,0.0,0.0,0.0,0.0,43573.745263722834,6993.811293234125,6642.008694424605,44003.57031906377,0.04661319444444444,0.7786381944444445
2025-03-21,32257.180072192827,32257.180072192827,0.0,0.0,0.0,19447.113421274247,15990.93960892857,16767.54174318048,3721.4824097861547,12877.557282139045,0.0,0.0,0.0,0.0,12877.557282139045,6642.008694424605,6376.700096984127,12212.67853943015,0.045622916666666666,0.5702902777777777
2025-03-22,32928.00969470105,32928.00969470105,0.0,0.0,0.0,17991.04561422693,13954.17518254762,13009.939529688412,3349.568470594651,13455.993273126282,0.0,0.0,0.0,0.0,13455.993273126282,6376.700096984127,7064.002058068782,13216.753786276291,0.0473548611111111,0.5873881944444445
2025-03-23,66992.02041472663,66992.02041472663,0.0,0.0,0.0,19931.78047694004,16733.834582142856,5024.3544032627815,3852.493001265433,41149.99954992986,0.0,0.0,0.0,0.0,41149.99954992986,7064.002058068782,6409.454951600529,41736.11117752089,0.044475,0.7671784722222221
2025-03-24,66641.36018767329,66641.36018767329,0.0,0.0,0.0,20093.63906845974,16095.365947511904,4644.589983392118,3797.7379010139634,41152.79367080432,0.0,0.0,0.0,0.0,41152.79367080432,6409.454951600529,6609.990171534393,40621.052192763964,0.038775694444444446,0.7674861111111111
2025-03-25,66193.16572552174,66193.16572552174,0.0,0.0,0.0,20883.06243079071,17184.647545833333,1544.626123897705,3997.7115259494417,41045.77724342052,0.0,0.0,0.0,0.0,41045.77724342052,6609.990171534393,6310.693530542327,40707.78597038474,0.036240972222222216,0.7712756944444444
2025-03-26,66365.41954014549,66365.41954014549,0.0,0.0,0.0,19624.25656182392,15750.466946428569,6899.075058083482,3712.4775391189,40447.533662487025,0.0,0.0,0.0,0.0,40447.533662487025,6310.693530542327,6472.005606818785,41423.03682721624,0.044211284722222216,0.7566111111111111
2025-03-27,66034.66090300557,66034.66090300557,0.0,0.0,0.0,20137.65123560406,16315.032316666668,3495.052584068188,3826.546492078925,40349.65658849493,0.0,0.0,0.0,0.0,40349.65658849493,6472.005606818785,6468.078033677249,41304.58460102949,0.03981666666666666,0.7664159722222222
2025-03-28,30932.881087686652,30932.881087686652,0.0,0.0,0.0,15264.606250940627,12115.016030714285,16961.410100793644,2872.57351739565,12322.517454999277,0.0,0.0,0.0,0.0,12322.517454999277,6468.078033677249,6745.094736507935,12282.406007572592,0.041873958333333336,0.5747680555555555
2025-03-29,30544.631186803355,30544.631186803355,0.0,0.0,0.0,15610.013783472956,12888.773932619044,20116.182152616107,2993.0873708605227,11914.904133931437,0.0,0.0,0.0,0.0,11914.904133931437,6745.094736507935,6473.247216501332,12188.524382577105,0.05118194444444445,0.5630868055555556
2025-03-30,64245.59395295413,64245.59395295413,0.0,0.0,0.0,20027.144136397696,15982.468697023807,4855.298813580248,3778.544268864637,38625.065412988915,0.0,0.0,0.0,0.0,38625.065412988915,6473.247216501332,6739.378387010582,39909.127590859905,0.04280364583333332,0.7520270833333333
2025-03-31,63029.90645073486,63029.90645073486,0.0,0.0,0.0,17878.834386691648,14833.602561052321,3033.2851417622064,3436.0615010083116,38614.91387610379,0.0,0.0,0.0,0.0,38614.91387610379,6739.378387010582,6348.5487116416,39275.65789563083,0.03790677083333334,0.7607041666666666
2025-04-01,64392.08087191203,64392.08087191203,0.0,0.0,134.0498595952388,20262.216692238315,16434.127950266608,489.1904728689017,3852.2358859201217,40109.87703945381,0.0,0.0,0.0,868.4581365595759,40978.33517601338,6348.5487116416,6324.401567693187,39162.51283981746,0.04680694444444445,0.7731090277777778
2025-04-02,63820.09397854783,63820.09397854783,0.0,0.0,975.3938811190467,20732.653369325326,16918.08007661905,545.5791669606119,3953.0520121124273,39278.00464502243,0.0,0.0,0.0,6183.072573906157,45461.07721892859,6324.401567693187,6185.922848287038,38533.14409659805,0.04866458333333333,0.772320138888889
2025-04-03,64925.997829916225,64925.997829916225,0.0,0.0,0.0,20189.518730445325,16026.041869047618,4898.990701851853,3799.6231918276017,40111.07487097477,0.0,0.0,0.0,0.0,40111.07487097477,6185.922848287038,6549.776517857146,40089.173512406815,0.04374618055555557,0.7644638888888889
2025-04-04,30038.70772470605,30038.70772470605,0.0,0.0,0.0,15741.217278137856,12479.988516071428,20346.676712639623,2960.787118488389,11812.945925255992,0.0,0.0,0.0,0.0,11812.945925255992,6549.776517857146,6850.218161435189,11719.298734874195,0.03969114583333333,0.5595027777777778
2025-04-05,30096.314592739483,30096.314592739483,0.0,0.0,0.0,15556.175296737209,12828.441161434528,15324.465474103468,2980.999880944224,12013.496128215498,0.0,0.0,0.0,0.0,12013.496128215498,6850.218161435189,6596.952415793649,11893.528394679355,0.0339859375,0.5755284722222221
2025-04-06,64232.53176938565,64232.53176938565,0.0,0.0,0.0,18769.159003027635,15214.506846310991,6267.803346002345,3567.4166610039847,39339.847804445315,0.0,0.0,0.0,0.0,39339.847804445315,6596.952415793649,6584.187911506305,39116.00687584825,0.03647777777777777,0.7556868055555556
2025-04-07,63130.28449850269,63130.28449850269,0.0,0.0,0.0,17657.147881424506,14375.099513403879,6605.516847148732,3362.9480674095485,38302.679614445704,0.0,0.0,0.0,0.0,38302.679614445704,6584.187911506305,6503.288212117383,38834.11570605465,0.033903993055555554,0.7517159722222222
2025-04-08,63718.69945256357,63718.69945256357,0.0,0.0,0.0,19062.110611543594,15603.03116547619,5906.426389829501,3639.881190651714,38567.55076439913,0.0,0.0,0.0,0.0,38567.55076439913,6503.288212117383,6322.48646753307,39326.02518953416,0.04130555555555557,0.7519159722222222
2025-04-09,63148.11446069958,63148.11446069958,0.0,0.0,379.1701869047673,17923.20718503086,14652.99560773809,1122.7620536449149,3420.431341585096,38694.32620762383,0.0,0.0,0.0,2499.254099716404,41193.580307340235,6322.48646753307,6172.266703240741,38691.05064832466,0.031146180555555555,0.7662708333333333
2025-04-10,63388.06276752645,63388.06276752645,0.0,0.0,0.0,19884.889084376835,15794.690382253084,4837.2261654027025,3743.4545064658046,38392.71731283124,0.0,0.0,0.0,0.0,38392.71731283124,6172.266703240741,6519.01089889869,38862.96600574399,0.037393749999999996,0.7580270833333334
2025-04-11,29234.898252513813,29234.898252513813,0.0,0.0,0.0,15310.831974617868,12324.170407818343,20931.58651904762,2900.4354649971583,11584.260480306659,0.0,0.0,0.0,0.0,11584.260480306659,6519.01089889869,6605.23700070106,11279.434535689883,0.041954687500000004,0.5514784722222221
2025-04-12,29782.959141026306,29782.959141026306,0.0,0.0,0.0,15346.360348148148,12257.515460678573,17668.95370355673,2896.582197112434,11512.87102632518,0.0,0.0,0.0,0.0,11512.87102632518,6605.23700070106,6797.499691058201,11697.834518472488,0.03866232638888888,0.5638673611111111
2025-04-13,61196.18032092886,61196.18032092886,0.0,0.0,0.0,18512.35396277925,15296.159766071427,3703.627640887711,3550.8087036191946,37152.68295331142,0.0,0.0,0.0,0.0,37152.68295331142,6797.499691058201,6462.885184146829,37196.58547571698,0.03158402777777777,0.7562548611111111
2025-04-14,61338.643338352435,61338.643338352435,0.0,0.0,0.0,18431.087320436498,14944.508458333334,5324.032676249269,3503.609671858465,36870.579135464,0.0,0.0,0.0,0.0,36870.579135464,6462.885184146829,6445.854374391534,36896.98074316584,0.03819791666666667,0.7465972222222222
2025-04-15,61880.5757723398,61880.5757723398,0.0,0.0,0.0,17436.956469415047,13932.41261759259,8236.603087184005,3291.7414933406817,36830.530713937645,0.0,0.0,0.0,0.0,36830.530713937645,6445.854374391534,6658.6567328733145,37794.99985998253,0.047760590277777785,0.7385326388888889
2025-04-16,61136.636782138696,61136.636782138696,0.0,0.0,0.0,18616.535452348297,15072.131831261904,1812.6412110523102,3536.334859819486,37077.766115729486,0.0,0.0,0.0,0.0,37077.766115729486,6658.6567328733145,6666.725494140211,36912.603468143665,0.029284722222222226,0.7623541666666667
2025-04-17,60806.065489939734,60806.065489939734,0.0,0.0,0.0,18394.228978953553,14909.368845833334,4452.863006819516,3496.019436321282,36275.07066590072,0.0,0.0,0.0,0.0,36275.07066590072,6666.725494140211,6655.566190939153,36800.81020882521,0.033329340277777786,0.7477673611111111
2025-04-18,29047.29475327234,29047.29475327234,0.0,0.0,0.0,16202.449298265723,12742.051343141531,19232.779614814815,3036.0284123978536,11252.185063034844,0.0,0.0,0.0,0.0,11252.185063034844,6655.566190939153,7079.935733665491,11125.240261712052,0.03357309027777778,0.5594201388888889
2025-04-19,28001.951796461788,28001.951796461788,0.0,0.0,0.0,16286.603799639915,13340.602612084653,18271.271358906528,3110.949559084509,10916.189949814463,0.0,0.0,0.0,0.0,10916.189949814463,7079.935733665491,6914.987362136242,10790.169887252967,0.03378993055555554,0.5579763888888889
2025-04-20,59977.139971788645,59977.139971788645,0.0,0.0,0.0,19134.15961460905,15499.52360654762,4384.759080393886,3635.5852510773075,35888.29125208659,0.0,0.0,0.0,0.0,35888.29125208659,6914.987362136242,6914.038119120372,35925.60354155877,0.030858333333333335,0.7454388888888889
2025-04-21,60329.780519018226,60329.780519018226,0.0,0.0,0.0,17307.215457921804,14299.764251190472,8805.418928953564,3319.5842403689,35618.417413808325,0.0,0.0,0.0,0.0,35618.417413808325,6914.038119120372,6601.9050854828065,36150.12667923066,0.0403654513888889,0.7339520833333333
2025-04-22,59169.30251209435,59169.30251209435,0.0,0.0,0.0,18659.934605981776,15119.439866785717,3475.878456231629,3545.9312235743687,35618.99296785205,0.0,0.0,0.0,0.0,35618.99296785205,6601.9050854828065,6596.468601104496,35615.435234669756,0.03309131944444446,0.7509583333333334
2025-04-23,60326.957444268075,60326.957444268075,0.0,0.0,0.0,18198.04572519841,14613.855764880951,5342.850767283953,3443.5663241732805,36205.2663890532,0.0,0.0,0.0,0.0,36205.2663890532,6596.468601104496,6737.092237248677,36011.418701470386,0.038685243055555554,0.7479125
2025-04-24,59103.21934144856,59103.21934144856,0.0,0.0,0.0,17540.85465608466,14270.631195999997,8742.889181363902,3339.71115405291,35273.588022343276,0.0,0.0,0.0,0.0,35273.588022343276,6737.092237248677,6667.604543280424,35356.18743435473,0.04184947916666666,0.7361847222222222
2025-04-25,27542.820002192533,27542.820002192533,0.0,0.0,0.0,15793.317317305995,12928.793034190476,22677.938069077012,3015.864291085097,10365.23258085134,0.0,0.0,0.0,0.0,10365.23258085134,6667.604543280424,6516.264535310852,10364.71232869629,0.039760763888888884,0.5406916666666667
2025-04-26,27686.6355915227,27686.6355915227,0.0,0.0,0.0,15950.277124985305,13066.160610946434,24732.325444150498,3046.8233359370233,10717.95525905498,0.0,0.0,0.0,0.0,10717.95525905498,6516.264535310852,6353.557713412701,10437.920656608323,0.047471006944444456,0.5378048611111111
2025-04-27,56615.561681972365,56615.561681972365,0.0,0.0,582.43508151786,19208.805027888007,15650.681275744044,5066.401828012933,3659.8450889825835,33081.579046951694,0.0,0.0,0.0,3821.0653522979205,36902.64439924961,6353.557713412701,6251.836376574075,33368.365969728475,0.03401440972222223,0.7337826388888888
2025-04-28,57646.78302340799,57646.78302340799,0.0,0.0,3410.620935786301,16840.33686491034,13548.983887285713,1144.0836649030007,3189.476340633891,34519.96026061145,0.0,0.0,0.0,21686.747222527105,56206.707483138554,6251.836376574075,6353.713013564814,34042.53178488777,0.03991458333333334,0.7660520833333333
2025-04-29,58110.80620901676,58110.80620901676,0.0,0.0,323.7832426666622,17547.288335030862,14068.676944833336,7522.7643448192275,3317.9151607067906,33956.22265112523,0.0,0.0,0.0,2142.7974999679705,36099.0201510932,6353.713013564814,6514.409243055556,34482.28382522318,0.03709565972222222,0.7303826388888889
2025-04-30,57545.30441863609,57545.30441863609,0.0,0.0,0.0,17530.756371435917,14282.42096126543,6040.1145751322765,3340.0112995064173,33699.65307515993,0.0,0.0,0.0,0.0,33699.65307515993,6514.409243055556,6422.7333537196255,34280.76558422309,0.047080381944444444,0.729442361111111
2025-05-01,56888.44541219982,56888.44541219982,0.0,0.0,1511.7478474873574,18943.944397013456,16255.649480095237,4700.519542768964,3700.5777152674837,34526.68706046126,0.0,0.0,0.0,9699.929516748884,44226.61657721015,6422.7333537196255,5410.450555370369,34035.30466864087,0.03803576388888889,0.7473263888888888
2025-05-02,28595.586142360375,28595.586142360375,0.0,0.0,1642.227659523808,16531.755634744266,13169.278718809524,12585.016802616105,3116.428754453263,11522.238530575454,0.0,0.0,0.0,8875.714281588682,20397.952812164138,5410.450555370369,5656.498716851851,10828.817174892829,0.04689166666666666,0.5869513888888889
2025-05-03,29050.136259066137,29050.136259066137,0.0,0.0,1188.3396994268069,15881.713148442093,12645.871948738095,18135.463108788947,2993.2681980373313,11573.130379118606,0.0,0.0,0.0,5690.387976243051,17263.518355361655,5656.498716851851,5899.0717185185185,11117.805680791305,0.031205729166666665,0.5698243055555555
2025-05-04,60142.07463811758,60142.07463811758,0.0,0.0,1241.7265571428534,17356.182932363314,14167.105164380955,6460.0560939447405,3309.74108927866,36631.885633303275,0.0,0.0,0.0,6987.275100377952,43619.16073368122,5899.0717185185185,5778.4083972222215,35577.41083386429,0.04024809027777778,0.7461284722222222
2025-05-05,60799.07970802146,60799.07970802146,0.0,0.0,1231.6298696428526,21033.75619079953,17219.521895380953,3140.46848224574,4016.6558296778367,36624.11288720145,0.0,0.0,0.0,7461.774810357112,44085.887697558566,5778.4083972222215,5575.986862962964,35840.169660288215,0.033571354166666664,0.7604611111111111
2025-05-06,60086.35169209758,60086.35169209758,0.0,0.0,1112.6027086904764,20192.684446737207,16617.104169023805,4753.291756407998,3865.6133523430326,36629.308973707084,0.0,0.0,0.0,5946.392321286371,42575.70129499345,5575.986862962964,5285.953788333332,35365.12363214073,0.037767187499999993,0.7532361111111111
2025-05-07,61164.50674132392,61164.50674132392,0.0,0.0,1588.0587116428599,19558.480525073493,15676.630877309522,3802.869855202815,3697.695927763963,37238.47624369066,0.0,0.0,0.0,9700.456540711888,46938.93278440255,5285.953788333332,5470.107508333333,36309.909807592805,0.03488177083333333,0.7587291666666667
2025-05-08,64300.99128957966,64300.99128957966,0.0,0.0,0.0,19473.319680298355,14390.838179166663,3391.9973884479673,3546.313987937243,40624.13998992387,0.0,0.0,0.0,0.0,40624.13998992387,5470.107508333333,7006.275021527782,39423.47577951069,0.037213888888888894,0.7616590277777777
2025-05-09,30981.72093073522,30981.72093073522,0.0,0.0,0.0,15736.183061037615,12561.81102559524,19307.963045292843,2969.375086725455,13450.365054504668,0.0,0.0,0.0,0.0,13450.365054504668,7006.275021527782,7211.2719702447075,13073.57393837433,0.028846180555555562,0.5667381944444444
2025-05-10,30649.780324509036,30649.780324509036,0.0,0.0,0.0,15090.589723963849,12296.321524410714,15734.466841622567,2875.316919553131,13716.52705792791,0.0,0.0,0.0,0.0,13716.52705792791,7211.2719702447075,7130.2232502447105,13125.501649749442,0.036513715277777775,0.5753076388888889
2025-05-11,63288.883888719865,63288.883888719865,0.0,0.0,41.18071666666674,16898.140763763957,13999.628133333334,4947.472891622584,3245.328313413433,39701.44911895102,0.0,0.0,0.0,272.24827716666715,39973.69739611769,7130.2232502447105,6783.407567261905,38943.873886880836,0.036706770833333326,0.7607819444444445
2025-05-12,64242.10469620811,64242.10469620811,0.0,0.0,0.0,15663.518054159318,12519.204540476192,9166.595949191651,2957.374532135509,40287.350987417165,0.0,0.0,0.0,0.0,40287.350987417165,6783.407567261905,6970.346548809523,39325.40793257694,0.04209375,0.7517881944444444
2025-05-13,64129.16745116108,64129.16745116108,0.0,0.0,0.0,17742.391382150203,14023.965232738094,7281.52853508231,3332.457497408142,39753.646656071054,0.0,0.0,0.0,0.0,39753.646656071054,6970.346548809523,7356.315200813492,38932.47431988608,0.038676041666666675,0.7564458333333334
2025-05-14,64007.60848930041,64007.60848930041,0.0,0.0,0.0,16863.831358597876,13790.548319642858,7920.176667012055,3218.666282486772,39545.54422493222,0.0,0.0,0.0,0.0,39545.54422493222,7356.315200813492,7210.931957281745,39401.66422202794,0.0280046875,0.747551388888889
2025-05-15,63217.44210160935,63217.44210160935,0.0,0.0,0.0,18070.248845201353,14439.69615952381,6821.831132598472,3411.43556891167,39328.77201953973,0.0,0.0,0.0,0.0,39328.77201953973,7210.931957281745,7430.049074047618,38736.80758128028,0.032390277777777775,0.7527770833333334
2025-05-16,29511.836990433858,29511.836990433858,0.0,0.0,0.0,14743.000178858025,12633.017385690478,24686.34766393298,2877.968616295856,12773.249765101495,0.0,0.0,0.0,0.0,12773.249765101495,7430.049074047618,6662.063250919311,12551.332893915282,0.03528715277777778,0.5453854166666666
2025-05-17,30603.35985897567,30603.35985897567,0.0,0.0,0.0,15174.11636590241,12173.440847255952,17153.88525699588,2870.0161751742357,13319.178330270863,0.0,0.0,0.0,0.0,13319.178330270863,6662.063250919311,6792.7225943915355,13087.447427706917,0.042446354166666665,0.5734159722222222
2025-05-18,62381.016307276885,62381.016307276885,0.0,0.0,0.0,18269.880552307462,14328.52173747619,4763.489392445618,3419.0460260614345,38997.80707373549,0.0,0.0,0.0,0.0,38997.80707373549,6792.7225943915355,7315.035383161376,38480.191302701045,0.03189409722222222,0.75068125
2025-05-19,61332.01137353762,61332.01137353762,0.0,0.0,12.233166666666648,16146.782203622866,13662.534424999998,11344.780211581423,3132.737600917842,37638.62832738353,0.0,0.0,0.0,83.24669916666653,37721.875026550195,7315.035383161376,6666.545560866404,37802.29501911004,0.04215538194444445,0.7317597222222223
2025-05-20,61309.28999070399,61309.28999070399,0.0,0.0,0.0,17323.635967048784,14045.919355357142,3504.1785623456817,3293.0213028556723,37913.01610577014,0.0,0.0,0.0,0.0,37913.01610577014,6666.545560866404,6651.24086970238,37601.639084372066,0.036265451388888884,0.7565819444444445
2025-05-21,61760.405669032916,61760.405669032916,0.0,0.0,0.0,16627.363291468246,13298.03470535714,7068.461799588478,3140.2957408531734,38309.256941963686,0.0,0.0,0.0,0.0,38309.256941963686,6651.24086970238,6840.273714960322,37792.290336491445,0.03908003472222222,0.7458243055555556
2025-05-22,60478.09518524102,60478.09518524102,0.0,0.0,0.0,17010.603041299233,13691.416033571428,6342.277360846556,3222.328752304527,37187.11866018438,0.0,0.0,0.0,0.0,37187.11866018438,6840.273714960322,6937.131970383599,37252.513679024705,0.02996944444444445,0.7461930555555556
2025-05-23,29795.43421255276,29795.43421255276,0.0,0.0,0.0,15979.794782583778,12555.243281083334,19949.93382771898,2993.0065094898596,12664.22257465864,0.0,0.0,0.0,0.0,12664.22257465864,6937.131970383599,7368.676962394181,12641.462501999511,0.033238194444444445,0.5569743055555556
2025-05-24,30082.260652510726,30082.260652510726,0.0,0.0,0.0,15009.607165057314,12227.038890559525,23545.1909946796,2859.520593234568,13242.826620525686,0.0,0.0,0.0,0.0,13242.826620525686,7368.676962394181,7291.724643657408,13076.97205377027,0.03355729166666667,0.5532048611111111
2025-05-25,60498.10580093327,60498.10580093327,0.0,0.0,0.0,15808.306128240738,13176.80696904762,9321.59645840682,3044.9202760515873,37321.093154751616,0.0,0.0,0.0,0.0,37321.093154751616,7291.724643657408,6878.303526798939,37253.423744104206,0.03792934027777777,0.7379618055555555
2025-05-26,59652.824472751316,59652.824472751316,0.0,0.0,0.0,18567.10526881247,14856.751934068196,1362.6381880070464,3507.460741777713,36826.31642583032,0.0,0.0,0.0,0.0,36826.31642583032,6878.303526798939,7081.196119765499,37061.341532182305,0.035302083333333345,0.7524722222222222
2025-05-27,60949.54438745104,60949.54438745104,0.0,0.0,0.0,16182.136293859903,13227.839730071422,8604.880523662556,3087.973599393926,37630.00410055812,0.0,0.0,0.0,0.0,37630.00410055812,7081.196119765499,6947.519084160052,37625.674159008646,0.035364409722222226,0.7429215277777778
2025-05-28,60077.86519146825,60077.86519146825,0.0,0.0,0.0,17699.656916240445,14168.655161309523,4273.03933653733,3344.260709547325,37417.6573956101,0.0,0.0,0.0,0.0,37417.6573956101,6947.519084160052,7134.2601295436525,37102.21875844566,0.03639895833333335,0.7512673611111111
2025-05-29,59530.52561743827,59530.52561743827,0.0,0.0,17.817433333333497,18273.5460659171,15122.675793452381,2287.349278306888,3507.6519169753083,36958.7374992026,0.0,0.0,0.0,119.80442173333444,37078.54192093594,7134.2601295436525,6777.478485033068,36917.94387834706,0.03399722222222221,0.7595125
2025-05-30,29693.926031672763,29693.926031672763,0.0,0.0,0.0,15480.786897538208,12308.453417482142,19925.35928495003,2915.684625029615,12973.384733277348,0.0,0.0,0.0,0.0,12973.384733277348,6777.478485033068,7034.127340059524,12691.107184413548,0.03273697916666666,0.5609930555555556
2025-05-31,29725.26190291174,29725.26190291174,0.0,0.0,0.0,16095.07538824221,12814.127361309524,18055.132325979055,3033.299467858613,12668.58359309724,0.0,0.0,0.0,0.0,12668.58359309724,7034.127340059524,7281.775899133598,12878.935292684575,0.03369756944444444,0.5663548611111111
2025-06-01,61435.64899077014,61435.64899077014,0.0,0.0,10065.340822883001,12819.918284296007,12583.835480166672,40.08070952380922,2680.1957706703424,41734.98109583968,0.0,0.0,0.0,66036.73747176517,107771.71856760485,7281.775899133598,4837.662932592592,38263.548565100915,0.07366996527777778,0.8191805555555556
2025-06-02,65905.17209986772,65905.17209986772,0.0,0.0,7247.210700588774,19812.537027807168,16029.206916357141,728.245239006467,3762.276693487066,43406.63389327661,0.0,0.0,0.0,47376.79916575963,90783.43305903624,4837.662932592592,4858.7163505555545,40070.71037241472,0.06820538194444442,0.8099458333333334
2025-06-03,67694.64287449294,67694.64287449294,0.0,0.0,4743.167928245449,20137.622232833623,16115.562563428568,223.38430000000017,3804.3802858865365,44954.96101554013,0.0,0.0,0.0,30590.289168005558,75545.2501835457,4858.7163505555545,5076.3957340740735,41198.068395980285,0.058958159722222216,0.8062826388888888
2025-06-04,69464.67921471193,69464.67921471193,0.0,0.0,3557.8337775476184,19244.551853997647,15874.48297840476,7.183300000000145,3688.2866274447383,46538.0554583352,0.0,0.0,0.0,23695.587754765733,70233.64321310094,5076.3957340740735,4758.177982222223,42556.006298090615,0.0651829861111111,0.8136590277777778
2025-06-05,71919.89770708789,71919.89770708789,0.0,0.0,2812.1109737225156,20206.420031834215,16641.95677245238,18.22740476190529,3869.7483112336863,48940.669946511545,0.0,0.0,0.0,18076.850036034884,67017.51998254642,4758.177982222223,4452.892930370372,44760.28896002025,0.07217013888888887,0.8220694444444444
2025-06-06,33388.80783825573,33388.80783825573,0.0,0.0,2868.213464470601,15946.709731893001,12711.103162500003,2166.419333333336,3007.015769022634,16378.84640164411,0.0,0.0,0.0,16346.808850031739,32725.655251675853,4452.892930370372,4681.4837307407415,14665.952588974356,0.09417725694444445,0.6492826388888889
2025-06-07,34709.18061748765,34709.18061748765,0.0,0.0,1251.276549693709,17335.04761772487,13785.766400690478,1284.6627834803019,3265.256584071429,17028.966618195936,0.0,0.0,0.0,7035.769263861219,24064.735882057157,4681.4837307407415,4965.508363703703,15240.983120537008,0.08660451388888889,0.6502881944444444
2025-06-08,87251.53960180776,87251.53960180776,0.0,0.0,0.0,17067.279851146384,11405.734910714284,16405.071394708993,2974.0318640828923,59904.341071584546,0.0,0.0,0.0,0.0,59904.341071584546,4965.508363703703,7653.021440052912,56555.823620074385,0.046809027777777776,0.7970791666666667
2025-06-09,83175.11835091856,83175.11835091856,0.0,0.0,0.0,18098.289833656672,14819.79727559524,8963.91305952381,3456.4731250984714,58657.55842244629,0.0,0.0,0.0,0.0,58657.55842244629,7653.021440052912,7475.040873015872,54200.0816073778,0.06146024305555556,0.81925625
2025-06-10,83714.30008545707,83714.30008545707,0.0,0.0,0.0,18268.398008612585,14824.517692261905,8651.975535773066,3474.0084333348036,58917.65169881921,0.0,0.0,0.0,0.0,58917.65169881921,7475.040873015872,7444.912756031745,54553.89098222999,0.05832569444444444,0.8168180555555555
2025-06-11,84739.68899797913,84739.68899797913,0.0,0.0,0.0,22484.932409229863,17929.503537499997,4099.81380958261,4240.660300645209,59299.681748501665,0.0,0.0,0.0,0.0,59299.681748501665,7444.912756031745,7759.681327116406,55159.38479003007,0.0733765625,0.8316965277777778
2025-06-12,85292.21486241916,85292.21486241916,0.0,0.0,0.0,17962.64231819518,14479.365921428573,9356.54703231922,3405.0826675338044,60242.97580760448,0.0,0.0,0.0,0.0,60242.97580760448,7759.681327116406,7837.875056349207,56360.563030358295,0.06205815972222222,0.8219833333333333
2025-06-13,39632.75805501029,39632.75805501029,0.0,0.0,0.0,15942.641636236034,12908.082622142858,8252.88534091711,3028.495566083921,21205.410941064427,0.0,0.0,0.0,0.0,21205.410941064427,7837.875056349207,7843.938504358468,19642.753850361412,0.06702065972222221,0.6400291666666666
2025-06-14,39720.498036724355,39720.498036724355,0.0,0.0,0.0,15447.065660398297,12521.793705684526,10601.883332010582,2936.0169777825554,21796.915167793264,0.0,0.0,0.0,0.0,21796.915167793264,7843.938504358468,7833.1934812896825,19524.742036566553,0.05873819444444444,0.6368673611111111
2025-06-15,84683.39307796884,84683.39307796884,0.0,0.0,0.0,18736.157820171957,15045.905042261908,10366.165966725455,3545.3830089351854,59654.35007859566,0.0,0.0,0.0,0.0,59654.35007859566,7833.1934812896825,7978.063250264553,56797.77044711687,0.054200347222222216,0.8178270833333333
2025-06-16,85072.73685803203,85072.73685803203,0.0,0.0,0.0,18109.65339427542,14745.037980952378,9014.068628042329,3449.3028928666954,60774.40866559328,0.0,0.0,0.0,0.0,60774.40866559328,7978.063250264553,7893.375770720902,57193.60180474669,0.05259357638888888,0.8232416666666666
2025-06-17,85043.95899662697,85043.95899662697,0.0,0.0,0.0,19440.81757804233,16113.68330654762,7079.813508465604,3734.491014087302,59935.95147962503,0.0,0.0,0.0,0.0,59935.95147962503,7893.375770720902,7486.019028128307,56743.511747256765,0.05515,0.8286263888888888
2025-06-18,86719.34084127718,86719.34084127718,0.0,0.0,0.0,16388.89722225162,12992.674132738097,12394.726851763662,3082.520181418284,61672.78928345226,0.0,0.0,0.0,0.0,61672.78928345226,7486.019028128307,7799.721936223544,58464.47295668855,0.04407916666666666,0.82005
2025-06-19,85748.7046933556,85748.7046933556,0.0,0.0,8.31854761904799,18766.540798684597,15347.412764029763,14078.391006319811,3581.9221647606555,59753.476351955054,0.0,0.0,0.0,57.316210357145444,59810.7925623122,7799.721936223544,7636.927806117726,60220.25769626415,0.03952291666666666,0.8079104166666666
2025-06-20,38396.709041516675,38396.709041516675,0.0,0.0,0.0,15349.18250881834,12196.758575595239,12843.704258293577,2890.113648170194,20575.688373659726,0.0,0.0,0.0,0.0,20575.688373659726,7636.927806117726,7899.238091170637,20251.00020938003,0.04507222222222223,0.6213069444444445
2025-06-21,38626.20811991586,38626.20811991586,0.0,0.0,0.0,16421.75649312904,12986.027975505953,15855.739202292772,3085.067646591343,20307.378794159376,0.0,0.0,0.0,0.0,20307.378794159376,7899.238091170637,8249.898962202382,19540.897637168488,0.03529513888888889,0.6095256944444444
2025-06-22,82228.14216808495,82228.14216808495,0.0,0.0,0.0,15954.370141291882,13492.88300833333,12309.313935126396,3094.6462372773362,57912.11952831764,0.0,0.0,0.0,0.0,57912.11952831764,8249.898962202382,7616.739857883599,56429.63515970124,0.03875486111111111,0.8074916666666667
2025-06-23,82659.19605524691,82659.19605524691,0.0,0.0,0.0,16963.397295686354,13616.833220833332,12251.345980393891,3209.321198550117,57383.89126961906,0.0,0.0,0.0,0.0,57383.89126961906,7616.739857883599,7753.9827341865075,56878.015417882416,0.034024131944444445,0.8048722222222222
2025-06-24,81335.79391755526,81335.79391755526,0.0,0.0,0.0,21404.822740615815,17796.865092666667,1459.0440196061109,4117.911728802323,58472.31140298183,0.0,0.0,0.0,0.0,58472.31140298183,7753.9827341865075,7244.028653333332,57046.37542987995,0.04217638888888889,0.8405347222222223
2025-06-25,82090.7402223251,82090.7402223251,0.0,0.0,0.0,19198.464441093474,15105.722855952381,7560.577270517346,3598.2600947707233,57123.3096170554,0.0,0.0,0.0,0.0,57123.3096170554,7244.028653333332,7738.510143703703,57499.260436305805,0.03923680555555556,0.8163465277777777
2025-06-26,82107.87283581715,82107.87283581715,0.0,0.0,0.4701904761906235,18155.143773111402,14852.296649404763,11258.112069253377,3465.7695605783365,56517.69560875373,0.0,0.0,0.0,3.292979000001032,56520.98858775373,7738.510143703703,7575.58770683201,56927.875018767176,0.03955694444444444,0.8059743055555555
2025-06-27,37002.42089933032,37002.42089933032,0.0,0.0,0.0,17107.76214398148,13363.496479601188,13486.509368283365,3195.609156576058,18952.141907785794,0.0,0.0,0.0,0.0,18952.141907785794,7575.58770683201,8124.2442146362455,19125.636640831388,0.03700208333333334,0.6051201388888888
2025-06-28,37189.68259696553,37189.68259696553,0.0,0.0,0.0,17818.147309729567,14875.935727696433,12470.544898265727,3434.696478494783,18892.02230378667,0.0,0.0,0.0,0.0,18892.02230378667,8124.2442146362455,7631.759318174604,18631.460042484214,0.03780347222222222,0.6229888888888888
2025-06-29,81992.86847026748,81992.86847026748,0.0,0.0,0.0,21274.08523168724,17193.446515476193,8644.461220723106,4037.7914693327457,57179.12989618941,0.0,0.0,0.0,0.0,57179.12989618941,7631.759318174604,7674.606565052908,56030.03455345346,0.04909236111111111,0.8118270833333333
2025-06-30,81702.78396485155,81702.78396485155,0.0,0.0,1.7510238095237582,18071.326456760733,14802.134489285714,8557.659037852727,3451.8142555967083,56710.52791384452,0.0,0.0,0.0,12.161735869047263,56722.68964971357,7674.606565052908,7491.984276931217,56147.26478167184,0.04592847222222222,0.8101881944444445
2025-07-01,82657.91179633069,82657.91179633069,0.0,0.0,727.7393159047637,19540.26995990593,18441.019608928567,3419.85672792476,4003.029174760434,62553.75288727967,0.0,0.0,0.0,4835.625653019451,67389.37854029912,7491.984276931217,4588.205453148149,58437.87556766932,0.07931041666666666,0.8907618055555555
2025-07-02,82880.19200572457,82880.19200572457,0.0,0.0,829.232549714285,18322.370937007643,14972.544272309524,7454.83152407407,3495.8531239573786,61645.840578844894,0.0,0.0,0.0,6509.816161379114,68155.656740224,4588.205453148149,4442.178993888888,56397.46037717061,0.08724861111111111,0.8753215277777778
2025-07-03,82173.41642433127,82173.41642433127,0.0,0.0,2541.8189035952355,22658.347955878893,18164.10630176191,460.57474047619075,4284.068829116991,61896.454377429676,0.0,0.0,0.0,19078.265574937137,80974.71995236681,4442.178993888888,4652.351818888888,54842.76604973274,0.1038048611111111,0.9014361111111112
2025-07-04,39325.42659781776,39325.42659781776,0.0,0.0,2704.3151618095235,18123.25501069959,14829.421807333332,9855.041089594353,3460.0390352181075,22284.89077473691,0.0,0.0,0.0,10683.05872097532,32967.94949571223,4652.351818888888,4486.145987037037,19297.936320213837,0.09999375,0.6903083333333333
2025-07-05,40182.46790190035,40182.46790190035,0.0,0.0,2694.929066399762,17527.820537419164,13845.414345309526,10404.910809523808,3291.161425442975,22254.541626228194,0.0,0.0,0.0,13210.673496826741,35465.215123054935,4486.145987037037,4877.390753703702,19811.98816328815,0.08129930555555556,0.68431875
2025-07-06,79467.34168096707,79467.34168096707,0.0,0.0,4353.6358617901205,19017.30754132863,15488.93372714286,498.62217857142923,3622.72339048207,60015.59536680612,0.0,0.0,0.0,35853.41882175506,95869.01418856118,4877.390753703702,4783.041177407408,54186.88257457789,0.10673125,0.8986708333333334
2025-07-07,79738.23071608465,79738.23071608465,0.0,0.0,705.2201851190481,21319.58440102917,16930.95506866696,2645.3388021748315,4013.1756699548014,58873.63781119717,0.0,0.0,0.0,4611.596839116623,63485.234650313796,4783.041177407408,5158.494839814816,53303.05301264226,0.09219097222222222,0.8773902777777778
2025-07-08,93823.62582735156,93823.62582735156,0.0,0.0,7.311785714285634,21708.9398069077,14873.042846428569,11423.653635920047,3823.4542969606114,70531.36880436428,0.0,0.0,0.0,61.39706464285647,70592.76586900713,5158.494839814816,8170.937503333336,66901.19485314902,0.07726579861111112,0.8836034722222222
2025-07-09,89831.34002720869,89831.34002720869,0.0,0.0,0.0,18067.125389836867,14392.317382142857,12097.807002848022,3405.8589147773378,68137.50744301469,0.0,0.0,0.0,0.0,68137.50744301469,8170.937503333336,8439.88659625,67930.842216932,0.0351375,0.8791770833333333
2025-07-10,89658.68247505144,89658.68247505144,0.0,0.0,0.0,14854.86434794973,12257.801364285713,14207.996108054092,2847.4643641600524,69381.21033598339,0.0,0.0,0.0,0.0,69381.21033598339,8439.88659625,8189.485215753971,69899.72444427859,0.05789097222222222,0.8775076388888888
2025-07-11,49071.42266869621,49071.42266869621,0.0,0.0,0.0,17811.529335765725,14151.680136309522,12892.796319240002,3353.561837610964,30060.182497957667,0.0,0.0,0.0,0.0,30060.182497957667,8189.485215753971,8495.772577599206,29423.45909016235,0.05754513888888889,0.7069465277777778
2025-07-12,48684.626824950545,48684.626824950545,0.0,0.0,0.0,17293.20962889477,14341.358741863094,14648.532604585538,3322.805267540932,29381.527182640853,0.0,0.0,0.0,0.0,29381.527182640853,8495.772577599206,8124.818197089948,28573.404093785415,0.04338541666666666,0.6942819444444445
2025-07-13,90517.1422198927,90517.1422198927,0.0,0.0,0.0,15759.173384281306,12573.495182142857,18063.743617754262,2972.9723586662262,67001.63198419056,0.0,0.0,0.0,0.0,67001.63198419056,8124.818197089948,8337.524040562172,69644.8631848168,0.05881666666666666,0.8542875
2025-07-14,89167.85157623456,89167.85157623456,0.0,0.0,0.0,15710.762261890064,12815.233635714283,14464.643733392126,2994.9910746017044,66887.96297491931,0.0,0.0,0.0,0.0,66887.96297491931,8337.524040562172,8238.061592136248,67248.69997333035,0.043297222222222216,0.8722152777777779
2025-07-15,89413.20126081715,89413.20126081715,0.0,0.0,0.0,18053.637775881834,14258.349589285715,12868.862490887705,3389.624843064374,67531.07421043106,0.0,0.0,0.0,0.0,67531.07421043106,8238.061592136248,8643.72493566799,67804.93411848079,0.053684027777777775,0.8721083333333334
2025-07-16,88073.88937580063,88073.88937580063,0.0,0.0,0.0,18115.570753924156,14917.96205102976,12741.717289572904,3469.1084143957223,67027.47015142666,0.0,0.0,0.0,0.0,67027.47015142666,8643.72493566799,8372.225224166668,66418.75389926018,0.039634722222222224,0.8758020833333333
2025-07-17,87890.2414446061,87890.2414446061,0.0,0.0,0.0,19941.576230651088,15976.716898214287,11204.966045502644,3769.348389533363,66411.08487905681,0.0,0.0,0.0,0.0,66411.08487905681,8372.225224166668,8567.736167070107,66239.37594500717,0.04532013888888889,0.8748208333333333
2025-07-18,47453.73963582885,47453.73963582885,0.0,0.0,0.0,15117.670934420925,12306.864497386901,13368.685098794827,2879.1964820406374,28319.334450615657,0.0,0.0,0.0,0.0,28319.334450615657,8567.736167070107,8499.346122063494,28889.206098988685,0.04010347222222222,0.6942027777777777
2025-07-19,47976.226245433856,47976.226245433856,0.0,0.0,0.0,16261.96818025426,13384.522136642856,17915.961151822456,3113.365944319077,28573.961586409197,0.0,0.0,0.0,0.0,28573.961586409197,8499.346122063494,8263.42622135582,28359.51375138885,0.037957638888888895,0.6802993055555555
2025-07-20,87242.48841191623,87242.48841191623,0.0,0.0,0.0,18637.915392247203,14929.451214428569,11444.046017430926,3522.619451939006,65452.84657539824,0.0,0.0,0.0,0.0,65452.84657539824,8263.42622135582,8449.270947235453,64166.29028590264,0.04084861111111112,0.8676125
2025-07-21,89348.57153198117,89348.57153198117,0.0,0.0,0.0,21775.38873890358,17425.54010595238,11008.97354902998,4113.709996773956,68016.06061153016,0.0,0.0,0.0,0.0,68016.06061153016,8449.270947235453,8685.409583412697,66316.49524070499,0.0407125,0.8791791666666666
2025-07-22,87807.43015456143,87807.43015456143,0.0,0.0,0.0,19661.028622288362,16416.011367785715,10767.268283392115,3790.104125316138,66252.32542478488,0.0,0.0,0.0,0.0,66252.32542478488,8685.409583412697,8140.322712599204,65691.04794958403,0.04397777777777776,0.8751333333333333
2025-07-23,88844.61445820921,88844.61445820921,0.0,0.0,0.0,18171.33420911229,14692.595276815477,11149.328409245738,3449.64400722406,66878.70101271941,0.0,0.0,0.0,0.0,66878.70101271941,8140.322712599204,8169.417637671957,67529.08607716202,0.04453194444444444,0.8755840277777778
2025-07-24,88861.88520641564,88861.88520641564,0.0,0.0,0.0,19671.4474062904,15386.338032238094,10960.303832363332,3676.737855322162,67391.25442590163,0.0,0.0,0.0,0.0,67391.25442590163,8169.417637671957,8777.789156402117,66463.61189597851,0.04905833333333334,0.8774458333333333
2025-07-25,47227.58471704232,47227.58471704232,0.0,0.0,0.0,16793.415787845388,13958.008146714288,17886.85750924456,3230.231372863904,28030.774623911326,0.0,0.0,0.0,0.0,28030.774623911326,8777.789156402117,8382.96542466931,27581.806215030745,0.04341180555555555,0.67696875
2025-07-26,48680.3961173714,48680.3961173714,0.0,0.0,0.0,19012.526743569953,15282.061829226186,16480.839636360968,3599.2595442710162,28958.52988793092,0.0,0.0,0.0,0.0,28958.52988793092,8382.96542466931,8514.170794742065,28363.566406776557,0.04698472222222222,0.6880090277777778
2025-07-27,87318.67974326389,87318.67974326389,0.0,0.0,0.0,21129.429863087884,17021.18849622024,9525.248576396243,4004.186152555482,65819.95046967088,0.0,0.0,0.0,0.0,65819.95046967088,8514.170794742065,8618.226009054235,65018.860789466446,0.03921458333333333,0.87713125
2025-07-28,86108.17189814814,86108.17189814814,0.0,0.0,0.0,18341.728605467375,15195.36349761905,5006.929556966489,3522.54658250441,65841.01068051418,0.0,0.0,0.0,0.0,65841.01068051418,8618.226009054235,8242.04453439815,65709.11709439085,0.04007013888888889,0.8862368055555555
2025-07-29,88720.51839873867,88720.51839873867,0.0,0.0,0.0,21306.084535126392,17448.82373392857,8794.011647540861,4069.3666461713697,66909.6810497271,0.0,0.0,0.0,0.0,66909.6810497271,8242.04453439815,8029.938689424605,66064.18508335103,0.045979166666666654,0.8846277777777778
2025-07-30,88141.59875105819,88141.59875105819,0.0,0.0,0.0,18290.657588793347,14564.777582738096,10312.464695002942,3447.3743791835677,67210.59363343334,0.0,0.0,0.0,0.0,67210.59363343334,8029.938689424605,8308.444316296298,65988.9442761406,0.03720694444444445,0.8796965277777777
2025-07-31,86670.18782805702,86670.18782805702,0.0,0.0,0.0,18116.645014351845,15172.146223214284,9030.692770252794,3497.458526236772,65076.513834410005,0.0,0.0,0.0,0.0,65076.513834410005,8308.444316296298,7755.484581197091,64965.34182489472,0.03964513888888889,0.88143125
2025-08-01,45667.680131089284,45667.680131089284,0.0,0.0,0.0,15265.375582444156,12418.637965934526,21569.58284791299,2906.38622112603,27124.071809357752,0.0,0.0,0.0,0.0,27124.071809357752,7755.484581197091,7695.83597658069,26772.7626055372,0.04195208333333333,0.6663972222222223
2025-08-02,45683.90397915196,45683.90397915196,0.0,0.0,0.0,16687.40257034097,13556.795598214287,21626.272073691947,3175.050879057907,26719.39519074834,0.0,0.0,0.0,0.0,26719.39519074834,7695.83597658069,7651.392069649471,26650.58804903207,0.052538194444444436,0.6621875
2025-08-03,83608.82200978578,83608.82200978578,0.0,0.0,48.28608571428549,14674.306843562605,12875.897414494046,19019.218683098177,2898.085952633377,60936.54299723304,0.0,0.0,0.0,402.5376038464267,61339.08060107947,7651.392069649471,6551.715546084653,62522.876109471195,0.05809027777777778,0.83336875
2025-08-04,83424.59732773367,83424.59732773367,0.0,0.0,0.0,17334.06453273075,13160.769523809524,13835.647235479126,3195.7141781408,61159.66918015774,0.0,0.0,0.0,0.0,61159.66918015774,6551.715546084653,7529.296376865079,62509.70005926544,0.06145208333333333,0.8447847222222222
2025-08-05,80842.13671466784,80842.13671466784,0.0,0.0,0.0,18363.40045881834,14985.007628571428,12311.434151087595,3501.340893500882,59545.28588806266,0.0,0.0,0.0,0.0,59545.28588806266,7529.296376865079,7406.348313611109,60612.79352985856,0.05624166666666667,0.8445958333333334
2025-08-06,79141.05797295709,79141.05797295709,0.0,0.0,0.0,16863.757091225747,13777.174667857142,7940.076282921813,3217.172894440035,59398.969592611706,0.0,0.0,0.0,0.0,59398.969592611706,7406.348313611109,7275.757842539683,60336.61716489323,0.050486805555555556,0.8577486111111111
2025-08-07,78073.99864733979,78073.99864733979,0.0,0.0,0.0,19067.129380077884,15333.454632738094,10952.338650000002,3610.4301194231325,58054.113878069096,0.0,0.0,0.0,0.0,58054.113878069096,7275.757842539683,7399.0024704563475,58752.09907206514,0.05954861111111111,0.8411048611111112
2025-08-08,44425.42665900404,44425.42665900404,0.0,0.0,0.0,17106.99247480894,13743.446745434525,25286.709679629625,3237.748885862508,25838.913956017605,0.0,0.0,0.0,0.0,25838.913956017605,7399.0024704563475,7524.799313968257,25815.758307988628,0.05532986111111111,0.6379520833333333
2025-08-09,43359.41306511375,43359.41306511375,0.0,0.0,0.0,17403.067525345385,14291.82885816667,21326.24539793504,3328.2877367752794,25396.182943486216,0.0,0.0,0.0,0.0,25396.182943486216,7524.799313968257,7307.750244371695,24939.10518432954,0.044643055555555554,0.6529750000000001
2025-08-10,76271.75112674161,76271.75112674161,0.0,0.0,0.0,16846.268684729566,13101.747113690479,7222.610505702533,3140.376547771899,58044.92218439311,0.0,0.0,0.0,0.0,58044.92218439311,7307.750244371695,7911.89526763889,56592.43153611166,0.04314444444444446,0.8486909722222222
2025-08-11,76387.84238752938,76387.84238752938,0.0,0.0,0.0,17182.87241599794,14648.188875,9291.905513198122,3345.863783266461,56445.77763258106,0.0,0.0,0.0,0.0,56445.77763258106,7911.89526763889,7100.715025370369,57961.37765484641,0.04522864583333333,0.8396298611111112
2025-08-12,75522.13598158436,75522.13598158436,0.0,0.0,28.850000000000023,17278.606802998234,13998.080205952381,4509.915734538512,3283.202925405644,56765.01524369284,0.0,0.0,0.0,231.37700000000018,56996.39224369284,7100.715025370369,7098.038697010588,56935.49097405207,0.03514236111111112,0.8573708333333333
2025-08-13,76200.05689257788,76200.05689257788,0.0,0.0,1.053609523809314,17181.123552439738,13679.854846428572,6578.862346090529,3238.096227069371,56781.05509271995,0.0,0.0,0.0,9.127946109521991,56790.18303882948,7098.038697010588,7361.211175952379,57826.09862635627,0.03569322916666666,0.8531652777777778
2025-08-14,75979.30234828043,75979.30234828043,0.0,0.0,66.956561904762,18994.054262698417,15436.096125,6562.009789153439,3614.5272179365084,56524.580472230686,0.0,0.0,0.0,572.8858495904769,57097.46632182116,7361.211175952379,7304.642095714287,57093.382725964555,0.040437847222222226,0.8501201388888888
2025-08-15,42978.407309641385,42978.407309641385,0.0,0.0,0.0,15210.693465608467,12396.053385714287,23004.04034641387,2898.4086116402123,25326.79714143902,0.0,0.0,0.0,0.0,25326.79714143902,7304.642095714287,7220.873563968256,25262.04492334863,0.04352187500000001,0.6512152777777778
2025-08-16,43562.78921204203,43562.78921204203,0.0,0.0,0.0,16838.496863844797,13541.216304595242,23336.228286125806,3188.429275783951,25547.98106274062,0.0,0.0,0.0,0.0,25547.98106274062,7220.873563968256,7329.72484743386,25314.587016331872,0.04233854166666666,0.6473409722222222
2025-08-17,76289.7198707084,76289.7198707084,0.0,0.0,14.36971428571428,17662.793276234566,14297.551685714285,9773.454377807178,3354.896181591711,56733.49382369828,0.0,0.0,0.0,116.46160085714283,56849.95542455542,7329.72484743386,7340.0702563624345,57229.276187530915,0.04019392361111111,0.8399
2025-08-18,76180.10702861552,76180.10702861552,0.0,0.0,46.251764285714444,18173.953225205765,14673.618450000002,8331.908401028806,3447.797372520577,56898.11808493238,0.0,0.0,0.0,389.86710963571556,57287.98519456809,7340.0702563624345,7392.607659047619,57331.180910121984,0.03965520833333333,0.8475611111111111
2025-08-19,76459.72967757907,76459.72967757907,0.0,0.0,18.64766666666651,16762.017110964138,13669.307546428572,9068.00772971017,3195.013660699589,57387.08416683165,0.0,0.0,0.0,157.4822801666653,57544.56644699832,7392.607659047619,7290.303562883597,57763.91945142948,0.03936006944444445,0.8429152777777777
2025-08-20,75905.64782273663,75905.64782273663,0.0,0.0,479.07480238095087,20011.891467864494,16492.75660059524,2214.896691181659,3833.7176579636985,57418.230283928584,0.0,0.0,0.0,2641.979532538087,60060.209816466675,7290.303562883597,6975.720772189164,57350.45153870266,0.03514375000000001,0.866348611111111
2025-08-21,76752.33466974573,76752.33466974573,0.0,0.0,0.0,17064.72483683861,13510.502886904762,7353.694236478546,3207.6394711177236,57454.74472616908,0.0,0.0,0.0,0.0,57454.74472616908,6975.720772189164,7322.30325100529,57793.83131197099,0.033959201388888895,0.8472069444444444
2025-08-22,43658.921521545264,43658.921521545264,0.0,0.0,0.0,14720.914755055846,12149.365218166666,19856.80258465609,2822.02094419077,25627.56701094972,0.0,0.0,0.0,0.0,25627.56701094972,7322.30325100529,7071.831843703702,25488.82181418641,0.03345451388888888,0.6604708333333333
2025-08-23,44335.23954983451,44335.23954983451,0.0,0.0,0.0,15560.308269488532,12543.063396428572,18787.988526774545,2949.704537663139,25410.02164486282,0.0,0.0,0.0,0.0,25410.02164486282,7071.831843703702,7139.37217910053,25874.838934768406,0.0386361111111111,0.6591965277777778
2025-08-24,77714.73210962668,77714.73210962668,0.0,0.0,0.0,18520.13094365079,14582.841682142858,10043.85336478542,3472.3288368253966,57890.05646237731,0.0,0.0,0.0,0.0,57890.05646237731,7139.37217910053,7604.3326037830675,57983.03002902827,0.031652604166666674,0.8410215277777778
2025-08-25,77677.8324063639,77677.8324063639,0.0,0.0,14.509078571428745,18699.751327131096,15293.75313690476,3513.2562780423286,3569.2810368136384,58268.49116592796,0.0,0.0,0.0,120.56318838928715,58389.054354317246,7604.3326037830675,7441.049757195768,58103.07490835757,0.029661805555555556,0.8601569444444445
2025-08-26,78690.15797238388,78690.15797238388,0.0,0.0,0.0,18220.596459964723,14439.617717857145,9380.360846942978,3426.4616146472667,57934.17141784489,0.0,0.0,0.0,0.0,57934.17141784489,7441.049757195768,7795.5668846560875,58775.36667483125,0.035681597222222215,0.8444180555555555
2025-08-27,77954.66100055848,77954.66100055848,0.0,0.0,0.0,18786.359851116995,15642.111528571431,6896.263811346261,3616.648377175192,57922.32024797436,0.0,0.0,0.0,0.0,57922.32024797436,7795.5668846560875,7323.166830026455,59047.46297578017,0.038039062500000005,0.8533875
2025-08-28,77896.8896207231,77896.8896207231,0.0,0.0,7.526666666666642,19264.236005173425,15755.764628571427,3628.1499274544417,3677.064114803057,58101.65910429752,0.0,0.0,0.0,63.29550333333312,58164.95460763085,7323.166830026455,7154.574091825394,58210.295795719896,0.041269618055555554,0.8635048611111111
2025-08-29,44596.81388508936,44596.81388508936,0.0,0.0,0.0,16143.631239410635,12933.734948119045,18831.69724379777,3051.4447848431796,26229.309115600117,0.0,0.0,0.0,0.0,26229.309115600117,7154.574091825394,7313.025598273811,26240.875507122633,0.034292881944444444,0.6645076388888889
2025-08-30,43838.23191600529,43838.23191600529,0.0,0.0,0.0,14769.477282929156,12299.324912779246,22855.359712522044,2843.5393852683874,25126.889383748072,0.0,0.0,0.0,0.0,25126.889383748072,7313.025598273811,6939.638583155337,24810.13304746783,0.0369076388888889,0.6546625
2025-08-31,78604.73519982299,78604.73519982299,0.0,0.0,42.39594761904766,19116.370227799176,15384.194544642856,8268.332380952386,3620.9919721846795,56728.08057048816,0.0,0.0,0.0,352.6141679761908,57080.69473846435,6939.638583155337,7050.822294126984,57182.45887605987,0.03614322916666667,0.846538888888889
2025-09-01,78000.88567342004,78000.88567342004,0.0,0.0,0.0,18509.183811258077,12191.168061309525,18108.73539013816,3205.4926101601995,50535.15305851386,0.0,0.0,0.0,0.0,50535.15305851386,7050.822294126984,10163.345433915343,56652.84996779455,0.10078975694444445,0.7517326388888889
2025-09-02,73584.87380600764,73584.87380600764,0.0,0.0,0.0,17140.401906562314,14110.545357738096,16497.261407183418,3281.8785637382425,48221.11717380852,0.0,0.0,0.0,0.0,48221.11717380852,10163.345433915343,9911.32341900132,54336.90304611982,0.102096875,0.7539930555555556
2025-09-03,73346.12173890359,73346.12173890359,0.0,0.0,0.0,15188.66579406232,12420.452811309524,15030.191506150788,2898.916891773957,49480.43063211926,0.0,0.0,0.0,0.0,49480.43063211926,9911.32341900132,9780.619509980157,54471.55162142618,0.10179687500000001,0.7609944444444445
2025-09-04,74172.81755243974,74172.81755243974,0.0,0.0,0.0,17030.077423339208,13576.562211904762,16793.736791005293,3211.5146547677837,49243.58174594173,0.0,0.0,0.0,0.0,49243.58174594173,9780.619509980157,10022.620066646827,54639.35300053845,0.09844184027777776,0.7569979166666667
2025-09-05,39997.79629857899,39997.79629857899,0.0,0.0,0.0,15756.12484146091,13022.172253434526,30439.582043885945,3022.520512305483,20036.118995663935,0.0,0.0,0.0,0.0,20036.118995663935,10022.620066646827,9734.052142367722,22757.704641740518,0.09993576388888889,0.5586402777777777
2025-09-06,40824.35953556687,40824.35953556687,0.0,0.0,0.0,16024.428190733395,12410.292666666666,29489.140311500145,2981.364226480747,20556.925946670948,0.0,0.0,0.0,0.0,20556.925946670948,9734.052142367722,10366.823439953705,23271.194357275624,0.10417152777777777,0.5657111111111112
2025-09-07,71531.15517613161,71531.15517613161,0.0,0.0,0.0,16223.953127520572,13775.296054886903,14121.514486831278,3152.9837632950466,47628.0359558759,0.0,0.0,0.0,0.0,47628.0359558759,10366.823439953705,9662.496749292326,53337.018600959294,0.097940625,0.7593138888888888
2025-09-08,60167.44600726778,60167.44600726778,0.0,0.0,810.830655774547,15281.548139858909,15602.548603690473,1903.7075935405674,3261.771325507055,39695.39203040121,0.0,0.0,0.0,5311.451996207171,45006.844026608385,9662.496749292326,6079.724959953704,42190.85486015008,0.06910659722222223,0.7735236111111111
2025-09-09,65458.676015843615,65458.676015843615,0.0,0.0,9.099616666666748,19491.15599243093,15259.071307363318,8132.856680776007,3644.5679667279064,42148.82793067976,0.0,0.0,0.0,62.02298720000055,42210.85091787976,6079.724959953704,6667.241678293405,45183.89479563164,0.08226805555555555,0.7518833333333332
2025-09-10,64564.98473638328,64564.98473638328,0.0,0.0,1469.3540188333354,19634.20763375248,16253.664860928571,1337.7973323927088,3769.383525700645,42210.30163714541,0.0,0.0,0.0,9690.71258387749,51901.014221022895,6667.241678293405,6278.400925416666,45268.42202631402,0.07367951388888888,0.7818236111111111
2025-09-11,65809.50403589799,65809.50403589799,0.0,0.0,0.0,19728.210667636682,15562.69228035714,8147.899865285125,3702.0090979144616,42196.20645815801,0.0,0.0,0.0,0.0,42196.20645815801,6278.400925416666,6741.910214781751,45514.58180017171,0.08275017361111112,0.7530638888888889
2025-09-12,33602.26307422104,33602.26307422104,0.0,0.0,0.0,15613.923807708696,12411.863738690474,18848.54680520282,2940.4883517364783,15542.81288830085,0.0,0.0,0.0,0.0,15542.81288830085,6741.910214781751,7003.4819320634915,17190.861473801713,0.0735126736111111,0.5750854166666667
2025-09-13,34094.13195646914,34094.13195646914,0.0,0.0,0.0,15731.140397942387,12796.615034095235,23152.505109288653,2994.9601546937097,15561.07829097536,0.0,0.0,0.0,0.0,15561.07829097536,7003.4819320634915,6943.047141216936,17201.508989271373,0.08120034722222222,0.5665159722222222
2025-09-14,65710.5442273874,65710.5442273874,0.0,0.0,0.0,21302.23016931217,17848.331370378604,2157.3206784538493,4113.370946973285,42687.1225543594,0.0,0.0,0.0,0.0,42687.1225543594,6943.047141216936,6283.574993177214,41289.35704479763,0.04026875,0.77590625
2025-09-15,68024.08134566141,68024.08134566141,0.0,0.0,1.1717666666667128,22880.058767913037,18043.03859047619,8121.202301557897,4292.787942399769,44075.76025578509,0.0,0.0,0.0,7.876615533333644,44083.63687131842,6283.574993177214,6827.80722821429,43339.56001970822,0.04763194444444444,0.7617263888888889
2025-09-16,66065.39083652997,66065.39083652997,0.0,0.0,13.092750000000137,18987.359633171658,15521.708982738091,3121.0629527630804,3623.3702947325096,43878.45720884901,0.0,0.0,0.0,88.18761655000094,43966.64482539901,6827.80722821429,6670.087583915347,42475.530959034186,0.04493402777777779,0.7779465277777777
2025-09-17,67550.15050822104,67550.15050822104,0.0,0.0,0.0,21608.3215380585,17386.177008261908,3367.8875784244537,4092.629599168284,44188.14990729931,0.0,0.0,0.0,0.0,44188.14990729931,6670.087583915347,6799.602514543651,43613.76151769918,0.04005486111111111,0.7780548611111111
2025-09-18,66463.81713201058,66463.81713201058,0.0,0.0,0.0,19584.793129027035,16024.302663095239,3947.275549412121,3738.9573865799525,43265.892454323286,0.0,0.0,0.0,0.0,43265.892454323286,6799.602514543651,6621.135593895499,42414.79519372207,0.04194236111111111,0.7698256944444445
2025-09-19,35514.75531449148,35514.75531449148,0.0,0.0,0.0,19170.667937815993,15065.775341666666,15308.510401675483,3591.0418317445624,16199.621968598542,0.0,0.0,0.0,0.0,16199.621968598542,6621.135593895499,7134.986358300268,15615.176572371587,0.04250416666666667,0.5932520833333332
2025-09-20,34705.54700981775,34705.54700981775,0.0,0.0,0.0,18959.963195252785,15513.964572619048,15614.114653850676,3619.7701609273954,15643.649592461417,0.0,0.0,0.0,0.0,15643.649592461417,7134.986358300268,6961.214820006613,15369.53628951877,0.04802569444444444,0.5874611111111111
2025-09-21,69621.87474115961,69621.87474115961,0.0,0.0,0.0,18453.22980769401,14959.399234523808,7840.556684656079,3507.478451272046,45666.18700161404,0.0,0.0,0.0,0.0,45666.18700161404,6961.214820006613,6947.566941904767,44985.56925063243,0.037968055555555554,0.7738493055555555
2025-09-22,68798.60483394326,68798.60483394326,0.0,0.0,10.906666666666638,18476.019693004106,15341.271290454142,5060.743214726635,3552.18766823976,45711.79965788319,0.0,0.0,0.0,71.60771999999982,45783.40737788319,6947.566941904767,6530.1276762149755,44311.3992491417,0.04611875,0.7821659722222223
2025-09-23,71352.28724923468,71352.28724923468,0.0,0.0,0.0,22375.480721092707,17819.81702573809,4680.007970546736,4217.527741635726,46639.905390909546,0.0,0.0,0.0,0.0,46639.905390909546,6530.1276762149755,6868.263629933861,46295.57510983799,0.03995138888888889,0.7817520833333333
2025-09-24,70544.40293640505,70544.40293640505,0.0,0.0,0.0,22129.835767842447,17752.78859404762,5104.130662610225,4185.515642789536,46281.614648649345,0.0,0.0,0.0,0.0,46281.614648649345,6868.263629933861,7059.795160939157,45452.35287106765,0.03823125,0.7761097222222222
2025-09-25,70213.6433695654,70213.6433695654,0.0,0.0,16.51470000000006,20406.658295627567,16556.742248809525,6044.793122747359,3880.3038572082596,46081.854608459085,0.0,0.0,0.0,111.1026442500004,46192.957252709086,7059.795160939157,7029.407350548943,44943.9681211195,0.03416944444444443,0.7776076388888888
2025-09-26,35676.51286534075,35676.51286534075,0.0,0.0,0.0,16886.818027035566,13507.435701200988,14602.887039506173,3189.507991725889,16055.899991650936,0.0,0.0,0.0,0.0,16055.899991650936,7029.407350548943,7219.281684657638,16008.535684228356,0.04110347222222222,0.5928138888888889
2025-09-27,35708.50585265733,35708.50585265733,0.0,0.0,0.0,18896.483402702568,15985.339657333921,14996.059857288681,3665.7971910851375,16709.093024947524,0.0,0.0,0.0,0.0,16709.093024947524,7219.281684657638,6464.628238941148,15700.262872120647,0.045689583333333325,0.5996840277777777
2025-09-28,71879.39934600306,71879.39934600306,0.0,0.0,0.0,21370.177718783794,16732.65157857143,3754.2440391240407,3996.201280608538,47753.613645980455,0.0,0.0,0.0,0.0,47753.613645980455,6464.628238941148,7105.953098544973,46747.06738046321,0.040681944444444444,0.7893881944444444
2025-09-29,72397.71843039211,72397.71843039211,0.0,0.0,15.420190476190669,20230.615833994707,16623.743020857142,6046.374207730745,3870.144141272487,47907.991056796454,0.0,0.0,0.0,88.13840350595345,47996.129460302414,7105.953098544973,6842.681770410052,47690.331470553414,0.037185416666666665,0.7877583333333333
2025-09-30,72949.98691932685,72949.98691932685,0.0,0.0,0.0,21022.439389057912,16616.525569642858,3121.8983332451403,3948.5245577549977,48697.28932493044,0.0,0.0,0.0,0.0,48697.28932493044,6842.681770410052,7300.071032070103,47837.03637774004,0.04463194444444444,0.7938243055555555
2025-10-01,73092.0841372428,73092.0841372428,0.0,0.0,0.0,19098.431508002646,13842.36530297619,18174.49639888301,3447.8837400198413,45955.917861109294,0.0,0.0,0.0,0.0,45955.917861109294,7300.071032070103,9108.253497076721,47563.12564473373,0.05636805555555556,0.7381555555555556
2025-10-02,69328.1929387788,69328.1929387788,0.0,0.0,0.0,18631.883781819517,14855.364677726195,13820.89071801881,3513.7844534848623,44117.66235732618,0.0,0.0,0.0,0.0,44117.66235732618,9108.253497076721,9370.988147685184,45645.4528099727,0.04844930555555555,0.7419722222222221
2025-10-03,33122.1553571355,33122.1553571355,0.0,0.0,0.0,18371.6137199368,15319.62892440476,22253.016861603468,3539.342363594209,14348.097751122881,0.0,0.0,0.0,0.0,14348.097751122881,9370.988147685184,8883.630579623017,14530.02347265562,0.05364097222222222,0.5579645833333333
2025-10-04,34669.23362259266,34669.23362259266,0.0,0.0,0.0,17814.900348589064,14404.222934755953,18162.573775426215,3381.9592498317907,15598.853332435889,0.0,0.0,0.0,0.0,15598.853332435889,8883.630579623017,8912.348743624338,16116.965489947946,0.04236458333333334,0.5858305555555555
2025-10-05,67058.59620218871,67058.59620218871,0.0,0.0,0.0,17532.697696516752,14420.896211523803,9210.833650529099,3355.591570932098,43389.98948536394,0.0,0.0,0.0,0.0,43389.98948536394,8912.348743624338,8668.558657685187,44925.45814078716,0.05321041666666666,0.7525611111111111
2025-10-06,67154.7977662109,67154.7977662109,0.0,0.0,0.0,18566.25923052616,14886.883230011905,5742.312515696647,3510.724059720606,44475.732889288214,0.0,0.0,0.0,0.0,44475.732889288214,8668.558657685187,8837.210598478838,44944.60942002331,0.04218263888888889,0.7684895833333333
2025-10-07,66803.0279587187,66803.0279587187,0.0,0.0,0.0,21004.169128299523,16827.155521285713,4854.451351704886,3970.1008596394763,43593.16041862061,0.0,0.0,0.0,0.0,43593.16041862061,8837.210598478838,9044.123345853175,44259.25693275948,0.047318055555555544,0.7657534722222222
2025-10-08,61909.44428444297,61909.44428444297,0.0,0.0,0.0,17955.869032135506,16703.58167261905,4178.661258259849,3651.540422393445,39558.25277210823,0.0,0.0,0.0,0.0,39558.25277210823,9044.123345853175,6644.870282976189,38444.39120934047,0.04577847222222223,0.7606854166666667
2025-10-09,65483.68628085684,65483.68628085684,0.0,0.0,0.0,19938.749826888597,16343.356008406821,6128.310779041735,3809.803428067396,40976.43593030345,0.0,0.0,0.0,0.0,40976.43593030345,6644.870282976189,6430.460673390571,40122.309752823385,0.03668125,0.7578034722222222
2025-10-10,33324.613472233315,33324.613472233315,0.0,0.0,0.0,19469.15461057466,15701.100632580026,20212.948577572017,3691.482198010802,13534.83938028591,0.0,0.0,0.0,0.0,13534.83938028591,6430.460673390571,6507.032453374404,12680.783140677282,0.03852986111111111,0.5595319444444444
2025-10-11,34397.52021938808,34397.52021938808,0.0,0.0,0.0,19325.084386250724,15532.9058086322,16499.02805843622,3658.3868618064284,14037.369300780447,0.0,0.0,0.0,0.0,14037.369300780447,6507.032453374404,6640.824169186508,13696.892599305487,0.035679166666666665,0.5845513888888889
2025-10-12,66726.69189085832,66726.69189085832,0.0,0.0,0.0,19741.004605217513,16271.552217857143,4742.283520164609,3782.0507069503233,41900.160062071634,0.0,0.0,0.0,0.0,41900.160062071634,6640.824169186508,6328.225849596561,41406.321604061,0.04246736111111111,0.76634375
2025-10-13,67776.97073360677,67776.97073360677,0.0,0.0,0.0,19681.120078637567,15540.208211309522,6608.663566278724,3694.8018091203703,42812.02203919374,0.0,0.0,0.0,0.0,42812.02203919374,6328.225849596561,6774.335907804234,42806.14747711709,0.03298402777777778,0.764651388888889
2025-10-14,66764.07791316872,66764.07791316872,0.0,0.0,0.0,20573.9988670194,17068.42669761905,2484.6764604350365,3953.8917419929458,42555.42853229598,0.0,0.0,0.0,0.0,42555.42853229598,6774.335907804234,6326.016335211638,42788.38445015417,0.03565972222222221,0.7730666666666667
2025-10-15,67687.09163210611,67687.09163210611,0.0,0.0,0.0,20865.26808894768,16639.29404499559,1541.0939381540263,3935.3372583387227,42912.734364374846,0.0,0.0,0.0,0.0,42912.734364374846,6326.016335211638,6616.653120825006,43002.49991686692,0.03697569444444445,0.7760555555555555
2025-10-16,68136.66472127674,68136.66472127674,0.0,0.0,529.4534235000048,21021.86060469767,17370.652061214285,2048.4366512933602,4032.258511715799,43736.68121833112,0.0,0.0,0.0,3492.539508117781,47229.220726448904,6616.653120825006,6235.603152592592,43101.062030821166,0.04333940972222223,0.7822208333333333
2025-10-17,34504.56033246384,34504.56033246384,0.0,0.0,0.0,16270.690331657848,12837.826671857143,15067.497355996473,3053.49421892769,14399.334603504196,0.0,0.0,0.0,0.0,14399.334603504196,6235.603152592592,6614.972593465607,14206.600170256663,0.03414861111111111,0.58880625
2025-10-18,33989.94757433127,33989.94757433127,0.0,0.0,0.0,16304.17881496179,12892.701611853321,14501.87710455614,3062.9402828132147,14104.927295583988,0.0,0.0,0.0,0.0,14104.927295583988,6614.972593465607,6963.50951376086,14296.051247635061,0.03174114583333334,0.5830680555555555
2025-10-19,70252.44293578305,70252.44293578305,0.0,0.0,232.56288178571535,20422.23399323455,17255.813219404758,3432.862510405651,3959.535979257317,45382.88957639627,0.0,0.0,0.0,1481.7574906614955,46864.64706705777,6963.50951376086,6170.394308333335,44887.45678417149,0.037607118055555555,0.7893604166666667
2025-10-20,71941.24192092885,71941.24192092885,0.0,0.0,0.0,22089.611124985302,17590.564690476192,3001.4131197530796,4163.468300329218,46197.640987672894,0.0,0.0,0.0,0.0,46197.640987672894,6170.394308333335,6505.972442513226,46232.33144757616,0.034684027777777765,0.7871270833333334
2025-10-21,72862.85022648383,72862.85022648383,0.0,0.0,0.0,21601.857500470316,17179.237727190477,1977.649103203992,4068.989941957085,47409.64851391852,0.0,0.0,0.0,0.0,47409.64851391852,6505.972442513226,6859.602273835978,46690.50721365381,0.03953246527777777,0.79530625
2025-10-22,72777.96225286684,72777.96225286684,0.0,0.0,0.0,21528.692077939446,17843.959274690475,3538.3327496178727,4135.53134942622,47176.13376499597,0.0,0.0,0.0,0.0,47176.13376499597,6859.602273835978,6408.803727658729,46030.49155025053,0.04688836805555557,0.7929506944444444
2025-10-23,74072.35855171045,74072.35855171045,0.0,0.0,0.0,20997.560762786587,16706.856523833332,6402.157279423873,3956.073467815696,47615.30233045013,0.0,0.0,0.0,0.0,47615.30233045013,6408.803727658729,6743.434498796297,47093.869326877495,0.04230868055555556,0.7813361111111111
2025-10-24,34485.05576458701,34485.05576458701,0.0,0.0,0.0,18001.592804681062,14730.68954265138,12794.101785890654,3436.9025629849266,14332.586681574736,0.0,0.0,0.0,0.0,14332.586681574736,6743.434498796297,6577.435197841057,14149.391134393094,0.03921284722222223,0.5963583333333333
2025-10-25,34784.32055192116,34784.32055192116,0.0,0.0,0.0,16688.992538429105,13711.007704761905,12407.90298492063,3192.3445543720113,14404.179964481868,0.0,0.0,0.0,0.0,14404.179964481868,6577.435197841057,6363.0754771362435,14417.513693128212,0.034252604166666666,0.5985090277777778
2025-10-26,75161.06385133744,75161.06385133744,0.0,0.0,0.0,20301.30521150059,15907.477639880955,6222.924263051142,3797.6280366923875,49118.74272671346,0.0,0.0,0.0,0.0,49118.74272671346,6363.0754771362435,6959.275012063489,48469.71596236525,0.031609895833333325,0.7873305555555556
2025-10-27,74585.12342295708,74585.12342295708,0.0,0.0,16.98804761904762,19533.57933824221,16162.870964285712,7678.821429952974,3749.2324854115227,48630.45636615864,0.0,0.0,0.0,89.18725,48719.643616158646,6959.275012063489,6580.750900608467,48187.94730758618,0.03920208333333334,0.7828958333333333
2025-10-28,74876.44357612434,74876.44357612434,0.0,0.0,0.0,20500.82629221046,16426.71832916667,4829.913913080545,3875.2735546840095,49042.94715109583,0.0,0.0,0.0,0.0,49042.94715109583,6580.750900608467,6779.585308968251,48307.78384125293,0.03269531249999999,0.7930666666666667
2025-10-29,74598.39464607583,74598.39464607583,0.0,0.0,0.0,21715.773976917993,17699.756986309523,1270.1208554673697,4138.217062837302,49519.66791121899,0.0,0.0,0.0,0.0,49519.66791121899,6779.585308968251,6657.385236739418,47781.030373836365,0.04925902777777777,0.8069569444444444
2025-10-30,75103.0276007478,75103.0276007478,0.0,0.0,0.0,20587.86628046737,16768.706759584362,6496.050429864792,3921.976268000555,49733.86211827146,0.0,0.0,0.0,0.0,49733.86211827146,6657.385236739418,6554.568489621873,47819.38158066842,0.03914982638888889,0.7919604166666666
2025-10-31,36181.33929429139,36181.33929429139,0.0,0.0,0.0,17218.511961538596,13710.325623214287,8768.860889300417,3245.220709844336,15453.108253032422,0.0,0.0,0.0,0.0,15453.108253032422,6554.568489621873,6817.534118101852,15045.250370716778,0.05369236111111111,0.617732638888889
2025-11-01,35797.25948094503,35797.25948094503,0.0,0.0,0.0,17197.875029012343,13690.12737440476,9745.473393004118,3240.9127667239854,14930.436777773952,0.0,0.0,0.0,0.0,14930.436777773952,6817.534118101852,7084.369005985454,14949.1622976075,0.034834201388888895,0.6046034722222222
2025-11-02,76553.78610295414,76553.78610295414,0.0,0.0,0.0,20924.97196701939,17506.403767857144,4338.833970458559,4037.6531709082883,50929.706132286185,0.0,0.0,0.0,0.0,50929.706132286185,7084.369005985454,6465.284034239418,49274.16541107456,0.038939236111111115,0.8022444444444444
2025-11-03,78197.33114807466,78197.33114807466,0.0,0.0,0.0,20643.21302139918,16413.34809404762,4462.535937389768,3888.026645922987,52366.67770859684,0.0,0.0,0.0,0.0,52366.67770859684,6465.284034239418,6807.12231566799,50458.52282512752,0.04705069444444445,0.8054708333333334
2025-11-04,78293.31849575984,78293.31849575984,0.0,0.0,17.29930952380971,20088.608665196938,16720.561272023813,7362.498378777189,3866.701007855673,51940.39334215215,0.0,0.0,0.0,82.88964158333424,52023.28298373549,6807.12231566799,6308.46870098545,50693.203035887724,0.03166527777777779,0.7975826388888889
2025-11-05,79264.48358806584,79264.48358806584,0.0,0.0,0.0,21749.576497611695,17050.39456547619,4887.281589263671,4069.4459348140795,53263.35284002385,0.0,0.0,0.0,0.0,53263.35284002385,6308.46870098545,6938.204698306881,51470.45144902484,0.03863090277777778,0.8089555555555555
2025-11-06,77498.82598630952,77498.82598630952,0.0,0.0,0.0,21417.309342621982,17806.842263690476,2518.7743573780117,4120.2689635611405,52643.52539130629,0.0,0.0,0.0,0.0,52643.52539130629,6938.204698306881,6428.402813677249,50383.514882953175,0.05062743055555557,0.8150673611111111
2025-11-07,36480.63474825103,36480.63474825103,0.0,0.0,0.0,17863.270194260724,14224.149279166666,9523.052049823636,3366.788050444591,15388.279482079835,0.0,0.0,0.0,0.0,15388.279482079835,6428.402813677249,6700.735678326722,15336.275945666555,0.040314583333333334,0.6155340277777778
2025-11-08,36295.31387296443,36295.31387296443,0.0,0.0,0.0,17382.087169760434,14177.661890476193,9299.681493680184,3313.5044825845093,15316.763852577978,0.0,0.0,0.0,0.0,15316.763852577978,6700.735678326722,6591.656475026454,14971.43430466282,0.03917326388888889,0.6173409722222222
2025-11-09,79883.20666696061,79883.20666696061,0.0,0.0,0.0,21223.350799948563,17213.633218092302,4526.671901771018,4034.9609931162236,53979.15721900563,0.0,0.0,0.0,0.0,53979.15721900563,6591.656475026454,6566.413063766496,52273.46255350482,0.041617013888888894,0.8103173611111111
2025-11-10,80177.14457272564,80177.14457272564,0.0,0.0,0.0,22348.38660580913,18284.145008333333,2254.4598752498437,4266.410328173506,54735.298568588434,0.0,0.0,0.0,0.0,54735.298568588434,6566.413063766496,6364.244333068785,52192.32087488171,0.05152829861111112,0.8189729166666667
2025-11-11,80463.85127398589,80463.85127398589,0.0,0.0,0.0,20900.62121987067,16565.569836904764,4569.780224353312,3930.6809927542636,54497.09418690325,0.0,0.0,0.0,0.0,54497.09418690325,6364.244333068785,6768.614723280424,53101.38000215109,0.0374982638888889,0.8138590277777777
2025-11-12,81008.49280084568,81008.49280084568,0.0,0.0,11.773333333333426,21319.483098794826,17394.771201190473,6139.5664865746585,4064.700665567313,54639.628624535915,0.0,0.0,0.0,60.579686666667136,54700.20831120259,6768.614723280424,6628.625955317463,53573.14056743026,0.0322109375,0.8123951388888888
2025-11-13,81054.51007796884,81054.51007796884,0.0,0.0,0.0,20223.657359935318,16256.80323452381,4691.784635890661,3828.677206496178,55697.01959420148,0.0,0.0,0.0,0.0,55697.01959420148,6628.625955317463,6766.802874232807,53856.1758002018,0.03579062499999999,0.8185361111111111
2025-11-14,37443.95023578042,37443.95023578042,0.0,0.0,0.0,17139.516131834214,13856.852425595234,6562.831229541444,3253.6018826940035,15703.171738432931,0.0,0.0,0.0,0.0,15703.171738432931,6766.802874232807,6795.864697777787,15763.73619956434,0.03932309027777778,0.6290784722222222
2025-11-15,37311.355399529675,37311.355399529675,0.0,0.0,0.0,18660.18075052909,15396.325697619046,5835.613429952968,3576.7209303439145,16064.054388293785,0.0,0.0,0.0,0.0,16064.054388293785,6795.864697777787,6482.998820343916,15542.56548093299,0.03493541666666667,0.6287680555555555
2025-11-16,83064.19990451087,83064.19990451087,0.0,0.0,0.0,23587.42530737066,18990.00830042005,4032.2385142269245,4468.743453005961,57300.52630812723,0.0,0.0,0.0,0.0,57300.52630812723,6482.998820343916,6611.672374288572,55830.13909843251,0.03973611111111111,0.8205798611111111
2025-11-17,83877.82154996743,83877.82154996743,0.0,0.0,0.0,22651.56806396654,18005.833069642853,6536.332222310407,4265.80492524586,57596.27424924131,0.0,0.0,0.0,0.0,57596.27424924131,6611.672374288572,6991.6024433664015,57355.966338907354,0.03644444444444445,0.815854861111111
2025-11-18,82660.97455250587,82660.97455250587,0.0,0.0,0.0,20903.951084031458,17013.040279761906,3879.511914902992,3980.73291726558,57383.82857446699,0.0,0.0,0.0,0.0,57383.82857446699,6991.6024433664015,6901.780330370373,55998.85689604438,0.041778472222222224,0.8219125
2025-11-19,82839.3207467666,82839.3207467666,0.0,0.0,0.0,22765.461042827752,18874.69546428571,3580.2435682245646,4373.73448920341,58178.32447811654,0.0,0.0,0.0,0.0,58178.32447811654,6901.780330370373,6418.811419708999,55952.62122013928,0.03880208333333333,0.8290138888888889
2025-11-20,83966.30936611551,83966.30936611551,0.0,0.0,0.0,20685.401801205167,16699.07371369047,5186.905245267486,3923.992814975014,57999.780428982194,0.0,0.0,0.0,0.0,57999.780428982194,6418.811419708999,6481.14669224868,57900.58847602488,0.03327638888888888,0.8211791666666666
2025-11-21,37939.18151581423,37939.18151581423,0.0,0.0,0.0,18529.765773515574,14762.737914285712,5307.769589917698,3493.28079004997,16438.64795941114,0.0,0.0,0.0,0.0,16438.64795941114,6481.14669224868,6754.893761428575,15815.106408641863,0.031583333333333324,0.6326340277777778
2025-11-22,38384.44194800117,38384.44194800117,0.0,0.0,0.0,19028.880285354197,15520.201404166666,4655.933583480306,3627.354851220605,16614.193784010855,0.0,0.0,0.0,0.0,16614.193784010855,6754.893761428575,6636.217791395504,16308.3667013448,0.035522222222222226,0.636675
2025-11-23,85028.34368946363,85028.34368946363,0.0,0.0,0.0,21754.114732833634,17640.307643252425,5682.440316549082,4135.445655866966,59344.37281840843,0.0,0.0,0.0,0.0,59344.37281840843,6636.217791395504,6614.579225109742,58458.861039661606,0.03587986111111111,0.8264944444444445
2025-11-24,84330.01221097447,84330.01221097447,0.0,0.0,0.0,21171.319565449776,17483.496669642853,6480.245615167552,4059.742697616406,58585.39494917253,0.0,0.0,0.0,0.0,58585.39494917253,6614.579225109742,6242.659423300266,57329.35353573316,0.040025000000000005,0.8210506944444445
2025-11-25,85403.42846763668,85403.42846763668,0.0,0.0,0.0,22844.587214748673,18297.99062083333,4688.171407054677,4317.568790456348,58961.72886139304,0.0,0.0,0.0,0.0,58961.72886139304,6242.659423300266,6471.687226759263,58788.12639377005,0.04032430555555555,0.8241243055555556
2025-11-26,85367.13312982068,85367.13312982068,0.0,0.0,0.0,21745.293658024686,17242.598820238094,4106.771408700757,4090.3736791622573,59761.934082927,0.0,0.0,0.0,0.0,59761.934082927,6471.687226759263,6884.008385383598,59584.85795530073,0.035725694444444435,0.8299340277777777
2025-11-27,85221.92134662918,85221.92134662918,0.0,0.0,0.0,22027.921272016458,17998.13654922619,5411.243890505589,4202.5850771156665,59912.77313492378,0.0,0.0,0.0,0.0,59912.77313492378,6884.008385383598,6711.208031058204,58549.66402986154,0.03937916666666667,0.8285638888888889
2025-11-28,39245.77845036743,39245.77845036743,0.0,0.0,0.0,20122.764211052312,16433.713658333334,4635.489347648451,3838.244605364491,16416.045096258906,0.0,0.0,0.0,0.0,16416.045096258906,6711.208031058204,6562.0139784126995,16413.79335479967,0.03495416666666667,0.6340243055555556
2025-11-29,40342.68122638154,40342.68122638154,0.0,0.0,0.0,20467.82412995297,16399.389508333334,1344.7965047619061,3868.9368028101117,17101.98739507384,0.0,0.0,0.0,0.0,17101.98739507384,6562.0139784126995,6761.511797222226,17125.4589525488,0.04523819444444445,0.6504381944444444
2025-11-30,86409.658994878,86409.658994878,0.0,0.0,0.0,22575.836248037907,18432.697691666664,2021.6923218401005,4305.6611461000875,61239.020430404984,0.0,0.0,0.0,0.0,61239.020430404984,6761.511797222226,6598.989207493388,59933.07130882394,0.042849305555555564,0.8395993055555555
2025-12-01,87572.89714952969,87572.89714952969,0.0,0.0,3519.5143819329837,22959.251665843618,18903.85614628571,738.0882785714289,4396.353627282774,65563.7649111373,0.0,0.0,0.0,23050.63675171842,88614.40166285573,6598.989207493388,6258.031099768518,60581.09037106226,0.09356736111111111,0.9076055555555556
2025-12-02,88371.64082751323,88371.64082751323,0.0,0.0,4524.255410066728,21960.600293841857,17913.339539595236,210.8255333333342,4186.431089339212,67274.01765771836,0.0,0.0,0.0,31049.48507893442,98323.50273665278,6258.031099768518,6118.8607646759265,61054.18226369864,0.09573125,0.915313888888889
2025-12-03,89777.74035385801,89777.74035385801,0.0,0.0,1968.8734473700808,23510.139753299525,19165.119442547617,238.84492380952383,4480.471691168576,68249.66301116366,0.0,0.0,0.0,13202.627742689829,81452.2907538535,6118.8607646759265,5983.409384259259,63050.97652159873,0.09021666666666667,0.9120326388888889
2025-12-04,89773.78830304967,89773.78830304967,0.0,0.0,2573.3705742619027,22935.186086912112,18427.16446859524,1067.9285089947095,4340.981327424016,68072.39702999068,0.0,0.0,0.0,15794.320440716414,83866.7174707071,5983.409384259259,6150.449675152118,63263.76416502685,0.08928958333333334,0.9050854166666666
2025-12-05,45258.66881629923,45258.66881629923,0.0,0.0,1198.993265119047,22932.091855592294,18426.629599717813,640.5721422104635,4340.612474416765,20338.701093290987,0.0,0.0,0.0,6031.0603651194015,26369.761458410387,6150.449675152118,6315.29945660984,18426.656300141178,0.09143472222222221,0.7171770833333333
2025-12-06,45870.59094061282,45870.59094061282,0.0,0.0,2097.082689996523,22568.578504629633,18432.843278782188,167.30758809523775,4304.9515481054295,20900.535843491707,0.0,0.0,0.0,11813.768057813575,32714.30390130528,6315.29945660984,6146.083134351851,18969.79735221289,0.08626388888888889,0.7271965277777778
2025-12-07,92336.05408098912,92336.05408098912,0.0,0.0,466.12408338433556,24213.818234766313,19611.945760869043,547.6244404761911,4600.486908017637,69999.29209624548,0.0,0.0,0.0,3065.5317339756416,73064.82383022112,6146.083134351851,6147.468700231481,65830.65593845182,0.08342569444444443,0.9101083333333333
2025-12-08,99825.84591317606,99825.84591317606,0.0,0.0,0.0,21763.457890196943,17153.06405297619,7368.2409592886515,4082.241794905938,75857.79759979942,0.0,0.0,0.0,0.0,75857.79759979942,6147.468700231481,6675.620742546297,75321.33366024688,0.029863888888888888,0.9085152777777777
2025-12-09,99912.96479364345,99912.96479364345,0.0,0.0,0.0,22572.88519927983,18256.66522142857,8208.290549125524,4285.806877864491,75419.75856574324,0.0,0.0,0.0,0.0,75419.75856574324,6675.620742546297,6706.03384253307,76474.22982592839,0.039031249999999997,0.9057770833333334
2025-12-10,99055.17533711052,99055.17533711052,0.0,0.0,0.0,22480.844926300702,18383.078664880955,6569.790609024107,4290.6487887279545,75613.88123031304,0.0,0.0,0.0,0.0,75613.88123031304,6706.03384253307,6513.15131522487,75069.810403529,0.03335277777777779,0.9161590277777777
2025-12-11,99920.38196523368,99920.38196523368,0.0,0.0,0.0,21109.78243339212,16962.0154875,9811.36031934156,3995.646630839212,74807.9411066956,0.0,0.0,0.0,0.0,74807.9411066956,6513.15131522487,6665.271630277783,75528.87555678621,0.032499999999999994,0.8976340277777778
2025-12-12,52812.08232626396,52812.08232626396,0.0,0.0,0.0,19011.3211231261,15269.030900889182,5355.3786206937075,3597.691101300297,24902.699906042762,0.0,0.0,0.0,0.0,24902.699906042762,6665.271630277783,6809.870751214405,24039.323043103173,0.04174166666666666,0.7237798611111111
2025-12-13,54083.63698437229,54083.63698437229,0.0,0.0,0.0,21192.883945299684,17143.37901130952,6235.598667048797,4024.108284675471,25649.91403717966,0.0,0.0,0.0,0.0,25649.91403717966,6809.870751214405,6835.2674005291,25171.37985071697,0.03412916666666667,0.7296965277777778
2025-12-14,100079.25153460464,100079.25153460464,0.0,0.0,0.0,23371.657303821274,19074.51619749412,7003.388628277491,4456.556418992585,77052.57362484054,0.0,0.0,0.0,0.0,77052.57362484054,6835.2674005291,6675.8520878636755,75901.24339446693,0.03962361111111111,0.9207375
2025-12-15,99519.63894565705,99519.63894565705,0.0,0.0,0.0,22390.617640733475,18184.694053571428,5844.157391828341,4259.583325581284,76435.39524640175,0.0,0.0,0.0,0.0,76435.39524640175,6675.8520878636755,6622.192349444445,75611.27923091123,0.03865555555555556,0.9144402777777777
2025-12-16,100053.26195995002,100053.26195995002,0.0,0.0,0.0,22111.19500999411,17876.219872619047,6400.195489241634,4197.366153512638,76544.49132872466,0.0,0.0,0.0,0.0,76544.49132872466,6622.192349444445,6659.801333306879,75390.73581207919,0.03145069444444444,0.910913888888889
2025-12-17,99815.16101653615,99815.16101653615,0.0,0.0,0.0,21868.7884074368,17785.17593152381,7539.701473956493,4163.009499801881,76169.355229577,0.0,0.0,0.0,0.0,76169.355229577,6659.801333306879,6580.404309417992,76161.66473680915,0.03633680555555557,0.9088097222222221
2025-12-18,99191.47702441945,99191.47702441945,0.0,0.0,0.0,22402.531870649615,18170.495030357142,7593.173217460316,4259.1970793268665,75123.86746497806,0.0,0.0,0.0,0.0,75123.86746497806,6580.404309417992,6553.244070383601,74083.25109489507,0.03946319444444445,0.9094777777777777
2025-12-19,53933.65669185038,53933.65669185038,0.0,0.0,0.0,19429.429164579655,15710.651707738092,7306.487935008825,3688.57088398442,25408.84347888383,0.0,0.0,0.0,0.0,25408.84347888383,6553.244070383601,6583.450643240743,25019.57769788986,0.03742152777777777,0.7250944444444445
2025-12-20,53984.49962298648,53984.49962298648,0.0,0.0,0.0,19864.528936706334,15984.63910789976,7248.257544179908,3762.523905659496,25339.22904197911,0.0,0.0,0.0,0.0,25339.22904197911,6583.450643240743,6700.81656638783,25305.51473049588,0.04013541666666666,0.7189708333333333
2025-12-21,100023.73835166931,100023.73835166931,0.0,0.0,0.0,23370.8382847234,18937.19835595238,6552.316556231628,4441.2169791337155,76358.76626914152,0.0,0.0,0.0,0.0,76358.76626914152,6700.81656638783,6693.2395160251335,76671.57551671662,0.03244305555555556,0.9100763888888888
2025-12-22,99556.69592499999,99556.69592499999,0.0,0.0,0.0,21803.86917060552,17978.381701800412,6793.781372861554,4177.9848839272645,76754.35938058785,0.0,0.0,0.0,0.0,76754.35938058785,6693.2395160251335,6340.7421009029795,76173.1697676857,0.032772916666666665,0.9192854166666667
2025-12-23,100263.82271844114,100263.82271844114,0.0,0.0,0.0,22206.60283462279,17612.173219642857,8411.30057012787,4177.568418978152,76350.66483328758,0.0,0.0,0.0,0.0,76350.66483328758,6340.7421009029795,6757.603296904764,76202.26576210474,0.02923194444444443,0.9126888888888889
2025-12-24,99305.22879218106,99305.22879218106,0.0,0.0,0.0,21542.059726315405,17705.71644047619,7614.3261896751865,4121.507799351118,75552.49368739742,0.0,0.0,0.0,0.0,75552.49368739742,6757.603296904764,6472.438783392858,75545.81008558931,0.03101944444444444,0.9082652777777778
2025-12-25,99521.08024865748,99521.08024865748,0.0,0.0,0.0,22278.169500382126,17965.406700291664,7395.8689152336865,4223.97325007062,75691.60213121587,0.0,0.0,0.0,0.0,75691.60213121587,6472.438783392858,6561.2283334127005,74786.47414303636,0.03849236111111111,0.9102520833333334
2025-12-26,53473.4584651455,53473.4584651455,0.0,0.0,0.0,20574.345207341274,15988.882167857142,5880.372992328038,3833.9769838293655,25144.687598808418,0.0,0.0,0.0,0.0,25144.687598808418,6561.2283334127005,7312.714389067465,24618.76861126293,0.039502777777777776,0.7237750000000001
2025-12-27,52710.697051183124,52710.697051183124,0.0,0.0,0.0,19572.208044444436,16168.17494940476,5967.85488947678,3753.6846877116395,24176.26282407604,0.0,0.0,0.0,0.0,24176.26282407604,7312.714389067465,6963.062796395502,24059.142282132707,0.041311111111111104,0.7212277777777777
2025-12-28,99309.67825473985,99309.67825473985,0.0,0.0,0.0,21677.78421152998,17659.168242261905,8481.807535471782,4129.908225848765,75265.07822434201,0.0,0.0,0.0,0.0,75265.07822434201,6963.062796395502,6851.77053981481,75510.90640547851,0.03498333333333333,0.9058916666666667
2025-12-29,99309.18010881834,99309.18010881834,0.0,0.0,0.0,20750.246049390065,16932.372591071427,7967.540383833041,3956.3993372802765,75396.12023590574,0.0,0.0,0.0,0.0,75396.12023590574,6851.77053981481,6713.2446608531745,76232.95394522176,0.03246111111111112,0.90653125
2025-12-30,98973.34229092444,98973.34229092444,0.0,0.0,0.0,22908.469598295123,18648.448947619047,8488.919040248376,4362.896842898296,74106.81124054102,0.0,0.0,0.0,0.0,74106.81124054102,6713.2446608531745,6610.368468630953,74835.07738723246,0.03412638888888888,0.9004583333333334
2025-12-31,98619.48712433127,98619.48712433127,0.0,0.0,0.0,22581.877205717225,18460.226785714287,5851.413770995004,4309.324030095532,74810.48898119097,0.0,0.0,0.0,0.0,74810.48898119097,6610.368468630953,6422.694858538359,74321.93368434468,0.03075486111111111,0.9102437499999999
