date,issue_hour,price_model,pv_model,start_soc_kwh,proxy_objective,mip_gap,mip_absolute_gap,constraint_error,max_reserve_slack_soc_kwh,terminal_penalty,reserve_penalty,historical_days
2025-02-01,0,weekday4,mean7,7351.026421393297,22681.072882803575,0.0,0.0,1.8189894035458565e-12,0.0,0.6107586783796203,3.758514943874586,31
2025-02-02,0,weekday4,mean7,7653.470778271605,71463.86499211068,0.0,0.0,2.2737367544323206e-13,0.0,0.7770583213203919,4.781897361971642,32
2025-02-03,0,weekday4,mean7,7316.201574021165,69308.46684913755,0.0,0.0,2.6147972675971687e-12,0.0,0.7689259146987565,4.731851782761578,33
2025-02-04,0,weekday4,mean7,7350.1918620634915,69440.65047191195,0.0,0.0,4.547473508864641e-13,0.0,0.7643755543409251,4.703849565174924,34
2025-02-05,0,weekday4,mean7,7449.659604189594,68254.03507103502,0.0,0.0,1.0732155904709845e-11,0.0,0.7647687005682051,4.7062689265735695,35
2025-02-06,0,weekday4,mean7,7215.9345683844795,69719.56834449196,0.0,0.0,4.547473508864641e-13,0.0,0.7652892635874261,4.709472391307237,36
2025-02-07,0,weekday4,mean7,7251.036314153441,21407.32673695553,4.336827024018471e-10,9.283987310482189e-06,1.8189894035458565e-12,0.0,0.5979644936818441,3.679781499580579,37
2025-02-08,0,weekday4,mean7,6987.7756122354485,19682.32397365984,1.6584969621822108e-10,3.2643074519000947e-06,9.094947017729282e-12,0.0,0.58344274175606,3.590416872344985,38
2025-02-09,0,weekday4,mean7,7005.735727923281,63934.038080285434,0.0,0.0,9.094947017729282e-13,0.0,0.7484445034580351,4.605812328972524,39
2025-02-10,0,lag7,mean7,6646.7901766666655,62572.48178608708,0.0,0.0,2.2737367544323206e-13,0.0,0.7016539339305589,4.317870362649593,40
2025-02-11,0,lag7,mean7,6919.652089828043,60937.49447747998,0.0,0.0,1.1368683772161603e-13,0.0,0.7051994047521675,4.339688644628723,41
2025-02-12,0,lag7,mean7,6705.663365396826,60403.93796132981,0.0,0.0,2.2737367544323206e-13,0.0,0.70434985768546,4.334460662679754,42
2025-02-13,0,lag7,mean7,6713.252528835976,59551.8177462724,0.0,0.0,1.7053025658242404e-12,0.0,0.7006350766853954,4.3116004719101255,43
2025-02-14,0,lag7,mean7,6820.6855103439175,17334.21620227852,0.0,0.0,4.504840944719035e-12,0.0,0.5308292491083143,3.2666415329742415,44
2025-02-15,0,lag7,mean7,6876.233605899471,16648.394867045066,0.0,0.0,3.637978807091713e-12,0.0,0.5294913503095091,3.2584083095969794,45
2025-02-16,0,lag7,mean7,6551.42299746032,56823.50721531586,0.0,0.0,2.2737367544323206e-13,0.0,0.6985864936910801,4.298993807329723,46
2025-02-17,0,lag7,mean7,6783.6928603941815,54978.824642647756,0.0,0.0,1.1368683772161603e-12,0.0,0.6789266527445844,4.178010170735904,47
2025-02-18,0,lag7,mean7,6729.049439554233,55248.89683271694,0.0,0.0,1.4779288903810084e-12,0.0,0.6880750785051958,4.234308175416589,48
2025-02-19,0,lag7,mean7,6961.1333436243385,54347.20270566509,0.0,0.0,7.73070496506989e-12,0.0,0.6863802574986945,4.223878507684273,49
2025-02-20,0,lag7,mean7,6554.771553636098,53510.64876437408,0.0,0.0,2.9558577807620168e-12,0.0,0.6766358585510694,4.163912975698889,50
2025-02-21,0,lag7,mean7,6824.409267863316,15808.004162503918,0.0,0.0,3.463185294094728e-11,0.0,0.5211282720820598,3.206943212812676,51
2025-02-22,0,lag7,mean7,6961.070360211643,16029.34868739869,0.0,0.0,7.275957614183426e-12,0.0,0.5269539025934358,3.2427932467288354,52
2025-02-23,0,lag7,mean7,6886.787897116401,53342.27269870815,0.0,0.0,9.094947017729282e-13,0.0,0.6904646596907881,4.249013290404849,53
2025-02-24,0,lag7,mean7,6792.458164523811,52291.9503611351,1.3914106404398197e-16,0.0,1.0686562745831907e-11,0.0,0.679485386214076,4.18144853054816,54
2025-02-25,0,lag7,mean7,6845.805221005291,51540.03824049252,0.0,7.275957614183426e-12,9.094947017729282e-13,0.0,0.6771960408234159,4.16736025122102,55
2025-02-26,0,lag7,mean7,6632.87307923281,51249.27472985055,0.0,0.0,9.094947017729282e-13,0.0,0.678751970668375,4.176935204113077,56
2025-02-27,0,lag7,mean7,7043.309308183424,50464.574337212805,0.0,0.0,7.958078640513122e-13,0.0,0.6764781121476039,4.162942228600639,56
2025-02-28,0,lag7,mean7,6693.931391204105,14918.676957119826,0.0,0.0,7.275957614183426e-12,0.0,0.5099781801563793,3.1383272625007956,56
2025-03-01,0,lag7,mean7,6754.435242294623,15204.64369295521,0.0,0.0,1.4551915228366852e-11,0.0,0.5249809876466801,3.2306522316718773,56
2025-03-02,0,lag7,mean7,6752.499460226071,49825.4563120698,0.0,0.0,9.094947017729282e-13,0.0,0.6775700835125754,4.169662052385079,56
2025-03-03,0,lag7,mean7,6090.976340987655,49768.592239807695,0.0,0.0,9.094947017729282e-13,0.0,0.6685225687493948,4.113985038457813,56
2025-03-04,0,lag7,mean7,6135.216183888889,49726.692377256804,0.0,0.0,9.094947017729282e-13,0.0,0.6565137031370658,4.040084326997328,56
2025-03-05,0,lag7,mean7,6712.7839184127,50464.693663912316,0.0,0.0,9.094947017729282e-13,0.0,0.6664035143542864,4.100944703718685,56
2025-03-06,0,lag7,mean7,6543.586367671958,49081.113967753576,0.0,0.0,9.094947017729282e-13,0.0,0.6599050759665468,4.060954313640288,56
2025-03-07,0,lag7,mean7,6626.705480211643,13799.305192946127,7.654572857284616e-10,1.0562778697931208e-05,5.4569682106375694e-12,0.0,0.5061559117526414,3.1148056107854853,56
2025-03-08,0,lag7,mean7,6718.836697945325,13340.056063745309,3.861300116321209e-11,5.150996003067121e-07,9.094947017729282e-12,0.0,0.5040894686679265,3.1020890379564707,56
2025-03-09,0,lag7,mean7,6740.502935760583,47561.23251879664,0.0,0.0,5.343281372915953e-12,0.0,0.6718060468379446,4.134191057464275,56
2025-03-10,0,lag7,mean7,6722.525862708291,46532.6300887575,0.0,0.0,4.547473508864641e-13,0.0,0.6709958053054742,4.129204955725995,56
2025-03-11,0,lag7,mean7,6571.340256832012,46085.96406733476,0.0,0.0,1.1368683772161603e-13,0.0,0.6615462837428404,4.0710540538020945,56
2025-03-12,0,lag7,mean7,6648.047478234127,44737.229013248725,0.0,0.0,1.1368683772161603e-12,0.0,0.6562769890608483,4.038627624989836,56
2025-03-13,0,lag7,mean7,6456.882503055555,44302.280653364855,0.0,0.0,4.547473508864641e-13,0.0,0.6537302586806517,4.02295543803478,56
2025-03-14,0,lag7,mean7,6282.905488518519,12674.344050001537,1.2556312065579993e-10,1.5914301911834627e-06,1.8189894035458565e-12,0.0,0.49845331030044526,3.0674049864642785,56
2025-03-15,0,lag7,mean7,6660.90125351852,12696.090193300704,0.0,0.0,1.4551915228366852e-11,0.0,0.4887784043458029,3.007867103666479,56
2025-03-16,0,lag7,mean7,6134.892877010583,43534.30875749745,0.0,0.0,1.1368683772161603e-13,0.0,0.6472973766577826,3.9833684717402007,56
2025-03-17,0,lag7,mean7,6710.075893379631,44918.41051796497,0.0,0.0,2.7284841053187847e-12,0.0,0.6632450052231774,4.081507724450322,56
2025-03-18,0,lag7,mean7,6761.714711111113,42577.65210230375,0.0,0.0,3.183231456205249e-12,0.0,0.6516547682600163,4.010183189292408,56
2025-03-19,0,lag7,mean7,6549.224173915346,42347.06210775291,0.0,0.0,9.094947017729282e-13,0.0,0.6439986180396692,3.963068418705656,56
2025-03-20,0,lag7,mean7,6993.811293234125,43135.34540353106,0.0,0.0,1.1368683772161603e-12,0.0,0.6604379640522637,4.064233624937008,56
2025-03-21,0,lag7,mean7,6642.008694424605,12003.67241942438,0.0,0.0,5.9117155615240335e-12,0.0,0.48346229383835093,2.975152577466775,56
2025-03-22,0,lag7,mean7,6376.700096984127,13009.88128402046,0.0,0.0,1.8189894035458565e-12,0.0,0.4947853777701357,3.0448330939700656,56
2025-03-23,0,lag7,mean7,7064.002058068782,40862.52713971182,0.0,0.0,9.094947017729282e-13,0.0,0.6476920000596464,3.9857969234439783,56
2025-03-24,0,lag7,mean7,6409.454951600529,39771.71832405186,0.0,0.0,1.1368683772161603e-13,0.0,0.6265523070458429,3.8557065048974946,56
2025-03-25,0,lag7,mean7,6609.990171534393,39885.28878671955,0.0,0.0,9.094947017729282e-13,0.0,0.640415294406461,3.9410171963474525,56
2025-03-26,0,weekday4,mean7,6310.693530542327,40614.867326640284,0.0,0.0,2.763650262720404e-12,0.0,0.6506134619761996,4.003775150622767,56
2025-03-27,0,weekday4,mean7,6472.005606818785,40514.933690600206,0.0,7.275957614183426e-12,1.8189894035458565e-12,0.0,0.6540114309447762,4.024685728890931,56
2025-03-28,0,weekday4,mean7,6468.078033677249,12122.824851518959,5.642436334993421e-08,0.000684022674249718,1.8189894035458565e-11,0.0,0.4882740658649939,3.004763482246116,56
2025-03-29,0,weekday4,mean7,6745.094736507935,12032.904493740652,0.0,0.0,2.6147972675971687e-12,0.0,0.49170477829948406,3.0258755587660557,56
2025-03-30,0,weekday4,mean7,6473.247216501332,39173.304148389914,0.0,0.0,9.094947017729282e-13,0.0,0.650119190760634,4.000733481603901,56
2025-03-31,0,weekday4,mean7,6739.378387010582,38596.25709582594,0.0,0.0,4.547473508864641e-13,0.0,0.6495549631240946,3.997261311532889,56
2025-04-01,0,lag7,mean7,6348.5487116416,38512.06236992413,0.0,0.0,4.547473508864641e-13,0.0,0.6381680071748772,3.927187736460783,56
2025-04-02,0,lag7,mean7,6324.401567693187,37934.451831032624,0.0,0.0,1.8189894035458565e-12,0.0,0.626682545725786,3.8565079736971444,56
2025-04-03,0,weekday4,mean7,6185.922848287038,39492.961136112914,0.0,0.0,1.8189894035458565e-12,0.0,0.651243140776029,4.007650097083255,56
2025-04-04,0,weekday4,mean7,6549.776517857146,11622.266431214759,0.0,0.0,1.3642420526593924e-12,0.0,0.4841733876854332,2.979528539602666,56
2025-04-05,0,weekday4,mean7,6850.218161435189,11803.166333155415,0.0,0.0,9.777068044058979e-12,0.0,0.4864596486309292,2.993597837728795,56
2025-04-06,0,weekday4,mean7,6596.952415793649,38629.029478980774,0.0,7.275957614183426e-12,2.2737367544323206e-13,0.0,0.6431562821350365,3.957884813138686,56
2025-04-07,0,weekday4,mean7,6584.187911506305,38401.144035174184,0.0,0.0,9.094947017729282e-13,0.0,0.6443978396272795,3.9655251669371046,56
2025-04-08,0,weekday4,mean7,6503.288212117383,38910.50991166102,0.0,0.0,4.547473508864641e-13,0.0,0.6485095460885211,3.9908279759293603,56
2025-04-09,0,weekday4,mean7,6322.48646753307,38290.554395676,0.0,0.0,2.5681861378500064e-12,0.0,0.6423161291631987,3.9527146410042997,56
2025-04-10,0,weekday4,mean7,6172.266703240741,38459.473486159644,0.0,0.0,9.094947017729282e-13,0.0,0.6485714519585491,3.9912089351295332,56
2025-04-11,0,weekday4,mean7,6519.01089889869,11211.726739466078,0.0,0.0,1.3869794202037156e-11,0.0,0.47630820981480887,2.931127445014208,56
2025-04-12,0,weekday4,mean7,6605.23700070106,11630.630754265825,0.0,0.0,8.378719940083101e-11,0.0,0.48350234825303234,2.9753990661725065,56
2025-04-13,0,weekday4,mean7,6797.499691058201,36799.66590734402,0.0,7.275957614183426e-12,1.7587669960135513e-11,0.0,0.6378893728988816,3.9254730639931172,56
2025-04-14,0,weekday4,mean7,6462.885184146829,36505.72407414878,0.0,0.0,1.1368683772161603e-13,0.0,0.6337459928717999,3.899975340749538,56
2025-04-15,0,weekday4,mean7,6445.854374391534,37390.14811708366,0.0,7.275957614183426e-12,4.547473508864641e-13,0.0,0.6403901091480962,3.940862210142131,56
2025-04-16,0,weekday4,mean7,6658.6567328733145,36511.05288374843,0.0,0.0,1.8189894035458565e-12,0.0,0.6390349523592216,3.9325227837490555,56
2025-04-17,0,weekday4,mean7,6666.725494140211,36404.464206045974,0.0,0.0,1.8189894035458565e-12,0.0,0.6392266874997087,3.9337026923058995,56
2025-04-18,0,weekday4,mean7,6655.566190939153,11055.423652971287,0.0,0.0,2.5011104298755527e-12,0.0,0.46686279458546553,2.873001812833634,56
2025-04-19,0,weekday4,mean7,7079.935733665491,10712.89937876242,0.0,0.0,2.1600499167107046e-12,0.0,0.47409355358864924,2.9174987913147645,56
2025-04-20,0,weekday4,mean7,6914.987362136242,35520.90829093968,0.0,0.0,1.8189894035458565e-12,0.0,0.6310920594510641,3.8836434427757784,56
2025-04-21,0,weekday4,mean7,6914.038119120372,35749.240247345035,0.0,0.0,9.094947017729282e-13,0.0,0.6301465076457918,3.877824662435642,56
2025-04-22,0,weekday4,mean7,6601.9050854828065,35234.61930719255,0.0,0.0,1.8189894035458565e-12,0.0,0.6317075807482014,3.887431266142778,56
2025-04-23,0,weekday4,mean7,6596.468601104496,35615.54198734972,0.0,0.0,4.547473508864641e-13,0.0,0.6367188159532984,3.9182696366356824,56
2025-04-24,0,weekday4,mean7,6737.092237248677,34964.188766794825,0.0,0.0,1.8189894035458565e-12,0.0,0.6322054340775821,3.8904949789389667,56
2025-04-25,0,weekday4,mean7,6667.604543280424,10304.652228816267,0.0,0.0,2.2509993868879974e-11,0.0,0.46432242016915637,2.8573687395025007,56
2025-04-26,0,weekday4,mean7,6516.264535310852,10384.500776713827,0.0,0.0,4.547473508864641e-12,0.0,0.4673181824552767,2.8758041997247794,56
2025-04-27,0,weekday4,mean7,6353.557713412701,33061.969533206124,0.0,0.0,1.8189894035458565e-12,0.0,0.6260170668281224,3.8524127189422916,56
2025-04-28,0,weekday4,mean7,6251.836376574075,33724.94166556849,0.0,0.0,1.8189894035458565e-12,0.0,0.6222961842383302,3.829514979928186,56
2025-04-29,0,weekday4,mean7,6353.713013564814,34158.00020163383,0.0,0.0,1.8189894035458565e-12,0.0,0.6270811624043086,3.8589609994111296,56
2025-04-30,0,weekday4,mean7,6514.409243055556,33968.05271296434,0.0,0.0,1.8189894035458565e-12,0.0,0.6339134606377118,3.901005911616688,56
2025-05-01,0,weekday4,mean7,6422.7333537196255,33722.26915579838,0.0,0.0,9.094947017729282e-13,0.0,0.6245886476586077,3.843622447129893,56
2025-05-02,0,weekday4,mean7,5410.450555370369,10774.829771662105,0.0,0.0,3.637978807091713e-12,0.0,0.455984716670456,2.8060597948951136,56
2025-05-03,0,weekday4,mean7,5656.498716851851,11107.907051136252,0.0,0.0,2.7284841053187847e-12,0.0,0.4617434667552647,2.8414982569554748,56
2025-05-04,0,weekday4,mean7,5899.0717185185185,35257.64526338578,0.0,0.0,9.094947017729282e-13,0.0,0.6224404655759065,3.830402865082501,56
2025-05-05,0,weekday4,mean7,5778.4083972222215,35525.6734172882,0.0,0.0,1.8189894035458565e-12,0.0,0.6243640896250137,3.8422405515385454,56
2025-05-06,0,weekday4,mean7,5575.986862962964,35080.806731028184,0.0,0.0,1.8189894035458565e-12,0.0,0.6190451371669997,3.809508536412306,56
2025-05-07,0,weekday4,mean7,5285.953788333332,36038.725080191754,0.0,0.0,1.8189894035458565e-12,0.0,0.6266224887735347,3.8561383924525208,56
2025-05-08,0,weekday4,mean7,5470.107508333333,39168.49522708987,0.0,0.0,1.8189894035458565e-12,0.0,0.6234128122237246,3.8363865367613816,56
2025-05-09,0,weekday4,mean7,7006.275021527782,13080.543579064402,8.06863075381199e-10,1.05542076198617e-05,1.8189894035458565e-12,0.0,0.46430135576190024,2.8572391123809244,56
2025-05-10,0,weekday4,mean7,7211.2719702447075,13149.147727965956,0.0,0.0,2.7284841053187847e-12,0.0,0.46277635154736296,2.8478544710606952,56
2025-05-11,0,weekday4,mean7,7130.2232502447105,38679.424536756705,0.0,7.275957614183426e-12,4.547473508864641e-13,0.0,0.6224037370741246,3.830176843533074,56
2025-05-12,0,weekday4,mean7,6783.407567261905,39047.748565304224,0.0,0.0,1.8189894035458565e-12,0.0,0.6280195052712789,3.8647354170540242,56
2025-05-13,0,weekday4,mean7,6970.346548809523,38737.19955942295,0.0,0.0,4.547473508864641e-13,0.0,0.6214593608965142,3.824365297824703,56
2025-05-14,0,weekday4,mean7,7356.315200813492,39186.38377482925,0.0,0.0,9.094947017729282e-13,0.0,0.6272333128201041,3.859897309662179,56
2025-05-15,0,weekday4,mean7,7210.931957281745,38569.4620417238,0.0,0.0,4.547473508864641e-13,0.0,0.6261617005909933,3.853302772867651,56
2025-05-16,0,weekday4,mean7,7430.049074047618,12595.077064478486,2.2503279221725157e-08,0.0002834305360011058,2.7284841053187847e-12,0.0,0.4697976489437502,2.8910624550384627,56
2025-05-17,0,weekday4,mean7,6662.063250919311,13151.688865114656,1.8665579087642762e-08,0.0002454838886478683,3.637978807091713e-12,0.0,0.46716169584073736,2.874841205173768,56
2025-05-18,0,weekday4,mean7,6792.7225943915355,38390.80826505154,0.0,0.0,1.8189894035458565e-12,0.0,0.6256143288776849,3.8499343315549837,56
2025-05-19,0,weekday4,mean7,7315.035383161376,37717.5186935421,0.0,7.275957614183426e-12,2.2737367544323206e-13,0.0,0.6314855817430522,3.886065118418783,56
2025-05-20,0,weekday4,mean7,6666.545560866404,37514.55601611672,0.0,0.0,1.7053025658242404e-12,0.0,0.6265493947154236,3.8556885828641447,56
2025-05-21,0,weekday4,mean7,6651.24086970238,37692.18085808245,0.0,7.275957614183426e-12,1.8189894035458565e-12,0.0,0.6251881362348813,3.8473116075992695,56
2025-05-22,0,weekday4,mean7,6840.273714960322,37203.65018790455,0.0,0.0,1.8189894035458565e-12,0.0,0.6286978766226292,3.8689100099854103,56
2025-05-23,0,weekday4,mean7,6937.131970383599,12717.559557960718,0.0,0.0,9.094947017729282e-12,0.0,0.46824052069020516,2.8814801273243393,56
2025-05-24,0,weekday4,mean7,7368.676962394181,13151.996997571116,0.0,0.0,4.220623850414995e-12,0.0,0.4720539494259424,2.9049473810827227,56
2025-05-25,0,weekday4,mean7,7291.724643657408,37227.73961027333,0.0,7.275957614183426e-12,2.2737367544323206e-13,0.0,0.6283373402861975,3.866691324838138,56
2025-05-26,0,weekday4,mean7,6878.303526798939,37055.5922866784,0.0,0.0,2.2737367544323206e-13,0.0,0.6326813292070792,3.8934235643512562,56
2025-05-27,0,weekday4,mean7,7081.196119765499,37603.97092040965,1.9348907671435253e-16,0.0,9.094947017729282e-13,0.0,0.6302111198264775,3.8782222758552463,56
2025-05-28,0,weekday4,mean7,6947.519084160052,37081.59096321611,0.0,0.0,9.094947017729282e-13,0.0,0.6268864579492126,3.8577628181490007,56
2025-05-29,0,weekday4,mean7,7134.2601295436525,36917.00081020224,0.0,0.0,1.1368683772161603e-13,0.0,0.6323384141353762,3.891313317756161,56
2025-05-30,0,weekday4,mean7,6777.478485033068,12768.515621976429,0.0,0.0,1.0611955758577096e-11,0.0,0.47328134099936703,2.9125005599961047,56
2025-05-31,0,weekday4,mean7,7034.127340059524,12972.509232033291,0.0,0.0,1.8189894035458565e-12,0.0,0.4769729960652666,2.9352184373247177,56
2025-06-01,0,weekday4,mean7,7281.775899133598,38233.61028385465,0.0,7.275957614183426e-12,1.0231815394945443e-11,0.0,0.630646238823384,3.8808999312208248,56
2025-06-02,0,weekday4,mean7,4837.662932592592,40093.77580405328,0.0,0.0,9.094947017729282e-13,0.0,0.6321546532746888,3.8901824816903927,56
2025-06-03,0,weekday4,mean7,4858.7163505555545,41277.33440399939,0.0,0.0,9.094947017729282e-13,0.0,0.6360884349329196,3.9143903688179664,56
2025-06-04,0,weekday4,mean7,5076.3957340740735,42691.021813271436,0.0,0.0,9.094947017729282e-13,0.0,0.6360601698982865,3.9142164301433016,56
2025-06-05,0,weekday4,mean7,4758.177982222223,44950.92393897452,0.0,0.0,9.094947017729282e-13,0.0,0.6406283854677838,3.9423285259555927,56
2025-06-06,0,weekday4,mean7,4452.892930370372,14868.074485796576,0.0,0.0,2.4556356947869062e-11,0.0,0.4743875679149033,2.9193081102455585,56
2025-06-07,0,weekday4,mean7,4681.4837307407415,15477.06468065449,4.989477542208504e-10,7.722246664343402e-06,2.9487523534044158e-12,0.0,0.48420782174074495,2.9797404414815074,56
2025-06-08,0,weekday4,mean7,4965.508363703703,57117.470604881884,0.0,0.0,4.547473508864641e-13,0.0,0.6554911358847705,4.033791605444741,56
2025-06-09,0,weekday4,mean7,7653.021440052912,54809.25859479189,8.247907541129809e-06,0.45206169728771783,1.8189894035458565e-12,0.0,0.6512746407592614,4.007843943133916,56
2025-06-10,0,weekday4,mean7,7475.040873015872,55258.72407883016,0.0,0.0,9.094947017729282e-13,0.0,0.6558028613179031,4.035709915802481,56
2025-06-11,0,weekday4,mean7,7444.912756031745,56004.50891283117,0.0,0.0,4.547473508864641e-13,0.0,0.6561935352771001,4.038114063243693,56
2025-06-12,0,weekday4,mean7,7759.681327116406,57272.06037176363,0.0,0.0,5.684341886080801e-13,0.0,0.6619960204993535,4.073821664611406,56
2025-06-13,0,weekday4,mean7,7837.875056349207,20076.126441894117,1.2946690607953389e-10,2.5991939764935523e-06,1.321166109846672e-08,0.0,0.5002063889114037,3.078193162531715,56
2025-06-14,0,weekday4,mean7,7843.938504358468,20003.930995323106,0.0,0.0,1.8189894035458565e-12,0.0,0.5077090763262391,3.1243635466230097,56
2025-06-15,0,weekday4,mean7,7833.1934812896825,57961.242618712735,0.0,7.275957614183426e-12,1.4779288903810084e-12,0.0,0.6702352241790651,4.124524456486554,56
2025-06-16,0,weekday4,mean7,7978.063250264553,58421.7209157997,1.328179964224129e-06,0.07759455919585889,9.094947017729282e-13,0.0,0.6728618656797873,4.140688404183306,56
2025-06-17,0,weekday4,mean7,7893.375770720902,58051.14564409101,0.0,0.0,7.16227077646181e-12,0.0,0.6758301493130887,4.158954765003623,56
2025-06-18,0,weekday4,mean7,7486.019028128307,59872.84089530803,1.2152350724272397e-16,7.275957614183426e-12,9.094947017729282e-13,0.0,0.6808827760800221,4.190047852800136,56
2025-06-19,0,lag7,mean7,7799.721936223544,61677.055050734845,3.414542930373258e-06,0.2105989522897289,9.094947017729282e-13,0.0,0.7125097086897024,4.384675130398168,56
2025-06-20,0,lag7,mean7,7636.927806117726,20810.03588995855,0.0,0.0,1.8189894035458565e-12,0.0,0.5582846940569717,3.435598117273672,56
2025-06-21,0,weekday4,mean7,7899.238091170637,20131.593664616263,5.701457808503693e-10,1.1477943189674988e-05,1.8189894035458565e-11,0.0,0.525778804872497,3.235561876138443,56
2025-06-22,0,weekday4,mean7,8249.898962202382,57873.64297310069,0.0,7.275957614183426e-12,9.094947017729282e-13,0.0,0.688628176691201,4.237711856561237,56
2025-06-23,0,weekday4,mean7,7616.739857883599,58400.20645787223,0.0,0.0,9.094947017729282e-13,0.0,0.6960995534856488,4.283689559911685,56
2025-06-24,0,lag7,mean7,7753.9827341865075,58429.726910354155,1.2452492932829495e-16,0.0,1.8189894035458565e-12,0.0,0.7191274035890636,4.4253994067019295,56
2025-06-25,0,lag7,mean7,7244.028653333332,59004.52323618964,0.0,0.0,1.8189894035458565e-12,0.0,0.7123842216144772,4.383902902242936,56
2025-06-26,0,lag7,mean7,7738.510143703703,58488.74612296597,0.0,0.0,9.094947017729282e-13,0.0,0.7025260208421487,4.323237051336299,56
2025-06-27,0,lag7,mean7,7575.58770683201,19683.318844251462,0.0,0.0,6.252776074688882e-12,0.0,0.5442573704308202,3.3492761257281245,56
2025-06-28,0,lag7,mean7,8124.2442146362455,19145.18263256542,1.6867253251151002e-10,3.2292664400301874e-06,1.8189894035458565e-12,0.0,0.533499819757323,3.283075813891218,56
2025-06-29,0,lag7,mean7,7631.759318174604,57414.69201682289,1.267264067540678e-16,7.275957614183426e-12,6.252776074688882e-12,0.0,0.7014802303409644,4.316801417482858,56
2025-06-30,0,lag7,mean7,7674.606565052908,57548.804371032566,1.264310821693771e-16,7.275957614183426e-12,9.094947017729282e-13,0.0,0.6993488962913755,4.303685515639234,56
2025-07-01,0,lag7,mean7,7491.984276931217,59763.864590830635,0.0,0.0,9.094947017729282e-13,0.0,0.7295187028502701,4.48934586369397,56
2025-07-02,0,lag7,mean7,4588.205453148149,57720.75067158293,0.0,0.0,1.1368683772161603e-13,0.0,0.7096037832932248,4.366792512573691,56
2025-07-03,0,lag7,mean7,4442.178993888888,56249.90964465231,0.0,7.275957614183426e-12,9.094947017729282e-13,0.0,0.7015883775656883,4.317466938865774,56
2025-07-04,0,lag7,mean7,4652.351818888888,19886.045181468045,1.1446435432781049e-10,2.2762433218304068e-06,6.984919309616089e-10,0.0,0.5324305800342549,3.2764958771338764,56
2025-07-05,0,lag7,mean7,4486.145987037037,20476.779274202276,0.0,0.0,4.320099833421409e-12,0.0,0.5487676700054304,3.3770318154180328,56
2025-07-06,0,lag7,mean7,4877.390753703702,55765.78177674084,0.0,0.0,2.2737367544323206e-13,0.0,0.7096228247792903,4.366909690949479,56
2025-07-07,0,lag7,mean7,4783.041177407408,55008.94972916178,0.0,0.0,7.048583938740194e-12,0.0,0.7093150759658993,4.365015852097842,56
2025-07-08,0,weekday4,mean7,5158.494839814816,69015.42345405859,0.0,0.0,1.7053025658242404e-12,0.0,0.7391740250047001,4.548763230798154,56
2025-07-09,0,lag7,mean7,8170.937503333336,70046.95118611795,0.0,0.0,4.547473508864641e-13,0.0,0.7659860127782048,4.713760078635106,56
2025-07-10,0,lag7,mean7,8439.88659625,71983.6805297939,2.0215575421075952e-16,1.4551915228366852e-11,9.094947017729282e-13,0.0,0.7882297902422909,4.8506448630294825,56
2025-07-11,0,lag7,mean7,8189.485215753971,30412.457109199953,0.0,0.0,1.1186784831807017e-10,0.0,0.6087028648931384,3.7458637839577746,56
2025-07-12,0,lag7,mean7,8495.772577599206,29564.11034677004,0.0,0.0,2.0676793610618915e-12,0.0,0.6041388807416109,3.7177777276406823,56
2025-07-13,0,lag7,mean7,8124.818197089948,71755.33521276596,0.0,0.0,2.2737367544323206e-13,0.0,0.785929439333518,4.8364888574370335,56
2025-07-14,0,lag7,mean7,8337.524040562172,69265.8136400551,4.2017597032749663e-16,2.9103830456733704e-11,2.2737367544323206e-13,0.0,0.767140968329404,4.720867497411717,56
2025-07-15,0,lag7,mean7,8238.061592136248,69842.98853544376,0.0,0.0,3.183231456205249e-12,0.0,0.7726562374567344,4.754807615118366,56
2025-07-16,0,lag7,mean7,8643.72493566799,68375.08631685101,0.0,0.0,3.183231456205249e-12,0.0,0.7685932814078833,4.729804808663897,56
2025-07-17,0,lag7,mean7,8372.225224166668,68193.22505841801,0.0,0.0,5.5706550483591855e-12,0.0,0.7671271685120858,4.72078257545899,56
2025-07-18,0,lag7,mean7,8567.736167070107,29857.898528527727,0.0,3.637978807091713e-12,3.637978807091713e-12,0.0,0.622441604383015,3.830409873126246,56
2025-07-19,0,lag7,mean7,8499.346122063494,29295.41679014612,2.0812829633514857e-10,6.097201548982412e-06,1.7507773009128869e-10,0.0,0.6115495587489647,3.763381899993629,56
2025-07-20,0,lag7,mean7,8263.42622135582,66106.22141724326,0.0,0.0,4.092726157978177e-12,0.0,0.7472426075011251,4.59841604616077,56
2025-07-21,0,lag7,mean7,8449.270947235453,68289.38911571233,2.130918934376392e-16,0.0,1.1368683772161603e-12,0.0,0.7628031179207428,4.6941730333584175,56
2025-07-22,0,lag7,mean7,8685.409583412697,67674.10302500038,0.0,1.4551915228366852e-11,1.1368683772161603e-13,0.0,0.7628185404724398,4.69426794136886,56
2025-07-23,0,lag7,mean7,8140.322712599204,69585.29917787509,2.0912341256403897e-16,2.9103830456733704e-11,2.2737367544323206e-13,0.0,0.7660924741476017,4.714415225523703,56
2025-07-24,0,lag7,mean7,8169.417637671957,68475.13408298914,4.250277249762084e-16,2.9103830456733704e-11,1.1368683772161603e-12,0.0,0.7651676470536822,4.708723981868814,56
2025-07-25,0,lag7,mean7,8777.789156402117,28500.489066433973,0.0,0.0,3.794411895796657e-09,0.0,0.6118669150966922,3.7653348621334906,56
2025-07-26,0,lag7,mean7,8382.96542466931,29318.32771434697,0.0,0.0,4.1950443119276315e-11,0.0,0.5998653613098108,3.6914791465219126,56
2025-07-27,0,lag7,mean7,8514.170794742065,67023.86225296815,2.171154382814222e-16,0.0,8.185452315956354e-12,0.0,0.7589037213990889,4.6701767470713165,56
2025-07-28,0,lag7,mean7,8618.226009054235,67601.64422329658,0.0,0.0,3.865352482534945e-12,0.0,0.7677955930540025,4.7248959572553995,56
2025-07-29,0,lag7,mean7,8242.04453439815,67900.26544565344,0.0,0.0,4.547473508864641e-13,0.0,0.7635487972432784,4.698761829189405,56
2025-07-30,0,lag7,mean7,8029.938689424605,67770.85212684517,0.0,0.0,9.094947017729282e-13,0.0,0.7632571337515415,4.696966976932563,56
2025-07-31,0,lag7,mean7,8308.444316296298,66638.08765826114,2.1837234140020896e-16,1.4551915228366852e-11,4.547473508864641e-13,0.0,0.7639472876799044,4.701214078030181,56
2025-08-01,0,lag7,mean7,7755.484581197091,27503.19521410049,5.980830157293164e-11,1.6449193935841322e-06,1.1709744285326451e-11,0.0,0.5929245080903576,3.6487662036329698,56
2025-08-02,0,lag7,mean7,7695.83597658069,27354.431505799763,0.0,0.0,5.4569682106375694e-12,0.0,0.6007340709350627,3.696825051908078,56
2025-08-03,0,lag7,mean7,7651.392069649471,63779.93265868532,0.0,7.275957614183426e-12,1.8189894035458565e-12,0.0,0.7595232324661658,4.673989122868712,56
2025-08-04,0,lag7,mean7,6551.715546084653,63684.427616527915,1.1425018464474835e-16,7.275957614183426e-12,7.958078640513122e-13,0.0,0.7661315539047072,4.71465571633666,56
2025-08-05,0,lag7,mean7,7529.296376865079,61652.30272247744,0.0,0.0,1.4779288903810084e-12,0.0,0.7632635037072389,4.697006176659932,56
2025-08-06,0,lag7,mean7,7406.348313611109,61273.21839730074,1.1874613092796103e-16,0.0,1.8189894035458565e-12,0.0,0.7576971145019181,4.662751473857957,56
2025-08-07,0,lag7,mean7,7275.757842539683,59628.200901367134,0.0,0.0,4.547473508864641e-13,0.0,0.7578194507898082,4.663504312552665,56
2025-08-08,0,lag7,mean7,7399.0024704563475,26285.37880449908,0.0,0.0,1.8189894035458565e-12,0.0,0.5740099742427688,3.5323690722631924,56
2025-08-09,0,lag7,mean7,7524.799313968257,25369.148164294456,0.0,0.0,3.637978807091713e-12,0.0,0.56912223675101,3.5022906876985234,56
2025-08-10,0,lag7,mean7,7307.750244371695,57266.891307527396,0.0,0.0,9.094947017729282e-13,0.0,0.7133684008100586,4.38995938960036,56
2025-08-11,0,weekday4,mean7,7911.89526763889,58586.74775705487,0.0,0.0,1.1368683772161603e-13,0.0,0.7445586495493228,4.581899381841986,56
2025-08-12,0,weekday4,mean7,7100.715025370369,57509.26799671216,0.0,0.0,1.1368683772161603e-13,0.0,0.7421474240648517,4.567061071168318,56
2025-08-13,0,weekday4,mean7,7098.038697010588,58345.19531133445,1.2470534335103955e-16,7.275957614183426e-12,3.296918293926865e-12,0.0,0.7438653658739409,4.577633020762713,56
2025-08-14,0,weekday4,mean7,7361.211175952379,57555.29876407229,0.0,0.0,1.4779288903810084e-12,0.0,0.7400799368544507,4.554338072950466,56
2025-08-15,0,weekday4,mean7,7304.642095714287,25564.52325920171,0.0,0.0,9.094947017729282e-12,0.0,0.570496275329951,3.510746309722775,56
2025-08-16,0,weekday4,mean7,7220.873563968256,25617.793367405826,0.0,0.0,6.23856521997368e-12,0.0,0.5721978214727237,3.5212173629090686,56
2025-08-17,0,weekday4,mean7,7329.72484743386,57651.852999743336,0.0,0.0,4.206412995699793e-12,0.0,0.7293723884921512,4.4884454676440075,56
2025-08-18,0,weekday4,mean7,7340.0702563624345,57729.28959297102,0.0,0.0,1.1368683772161603e-13,0.0,0.733782252012684,4.515583089308825,56
2025-08-19,0,weekday4,mean7,7392.607659047619,58160.37072523519,0.0,0.0,6.707523425575346e-12,0.0,0.7360246315905391,4.529382348249471,56
2025-08-20,0,weekday4,mean7,7290.303562883597,57705.21555838442,0.0,0.0,1.1368683772161603e-13,0.0,0.7364504455076528,4.532002741585556,56
2025-08-21,0,weekday4,mean7,6975.720772189164,58186.02755764366,0.0,7.275957614183426e-12,1.4779288903810084e-12,0.0,0.7330905489910488,4.511326455329531,56
2025-08-22,0,weekday4,mean7,7322.30325100529,25758.642341732993,0.0,0.0,1.4551915228366852e-11,0.0,0.5595070715126679,3.443120440077956,56
2025-08-23,0,weekday4,mean7,7071.831843703702,26150.55615308827,0.0,0.0,2.6489033189136535e-11,0.0,0.5635889078787631,3.4682394331000808,56
2025-08-24,0,weekday4,mean7,7139.37217910053,58331.0813687014,0.0,0.0,5.343281372915953e-12,0.0,0.7220937409931261,4.44365379072693,56
2025-08-25,0,weekday4,mean7,7604.3326037830675,58445.21248180712,0.0,0.0,9.094947017729282e-13,0.0,0.7259509069703394,4.46739019674055,56
2025-08-26,0,weekday4,mean7,7441.049757195768,59119.28027607681,1.230724998715472e-16,7.275957614183426e-12,2.6147972675971687e-12,0.0,0.7283512546113898,4.482161566839322,56
2025-08-27,0,weekday4,mean7,7795.5668846560875,59291.49641367106,0.0,0.0,9.094947017729282e-13,0.0,0.7332156652307028,4.51209640141971,56
2025-08-28,0,weekday4,mean7,7323.166830026455,58362.06855458481,0.0,0.0,9.094947017729282e-13,0.0,0.7242903289530416,4.45717125509564,56
2025-08-29,0,weekday4,mean7,7154.574091825394,26329.530588425358,0.0,0.0,2.2737367544323206e-12,0.0,0.5525188911530067,3.400116253249272,56
2025-08-30,0,weekday4,mean7,7313.025598273811,24832.21763749068,0.0,0.0,1.9099388737231493e-11,0.0,0.5525723463904787,3.4004452085567918,56
2025-08-31,0,weekday4,mean7,6939.638583155337,56995.59521786141,0.0,0.0,1.8189894035458565e-12,0.0,0.7088375370617075,4.362077151148969,56
2025-09-01,0,weekday4,mean7,7050.822294126984,56345.36330382263,0.0,0.0,9.094947017729282e-13,0.0,0.7137923184686845,4.392568113653443,56
2025-09-02,0,weekday4,mean7,10163.345433915343,53858.8718731086,0.0,0.0,1.2505552149377763e-12,0.0,0.710714648862049,4.37362860838184,56
2025-09-03,0,weekday4,mean7,9911.32341900132,53840.625339052436,0.0,0.0,9.094947017729282e-13,0.0,0.717473384890308,4.415220830094203,56
2025-09-04,0,weekday4,mean7,9780.619509980157,53895.43560715172,1.3500136945210874e-16,7.275957614183426e-12,7.958078640513122e-13,0.0,0.7098608722855403,4.368374598680248,56
2025-09-05,0,weekday4,mean7,10022.620066646827,22392.528754310253,0.0,0.0,1.4233592082746327e-10,0.0,0.5417565831588388,3.3338866655928543,56
2025-09-06,0,weekday4,mean7,9734.052142367722,22833.614685281496,0.0,0.0,7.911893362688716e-12,0.0,0.5400530055735473,3.3234031112218294,56
2025-09-07,0,weekday4,mean7,10366.823439953705,52340.31006774293,0.0,0.0,9.094947017729282e-13,0.0,0.7001672541257793,4.308721563850949,56
2025-09-08,0,weekday4,mean7,9662.496749292326,41345.01756805677,0.0,0.0,9.094947017729282e-13,0.0,0.6832104583594018,4.204372051442472,56
2025-09-09,0,weekday4,mean7,6079.724959953704,44215.78322840914,0.0,0.0,4.547473508864641e-13,0.0,0.6824312197326959,4.19957673681659,56
2025-09-10,0,weekday4,mean7,6667.241678293405,44279.765147066115,0.0,7.275957614183426e-12,1.8189894035458565e-12,0.0,0.6889677936933563,4.2398018073437305,56
2025-09-11,0,weekday4,mean7,6278.400925416666,44442.85766407322,0.0,0.0,2.2737367544323206e-13,0.0,0.6848290951366053,4.21433289314834,56
2025-09-12,0,weekday4,mean7,6741.910214781751,16597.271568499546,0.0,0.0,7.275957614183426e-12,0.0,0.5176628694614767,3.1856176582244715,56
2025-09-13,0,weekday4,mean7,7003.4819320634915,16578.61153012137,2.1335214766529823e-09,3.53708237526007e-05,1.8189894035458565e-12,0.0,0.5153214567978217,3.171208964909672,56
2025-09-14,0,lag7,mean7,6943.047141216936,39905.57633929167,0.0,0.0,1.8189894035458565e-12,0.0,0.6227354192470724,3.8322179645973686,56
2025-09-15,0,lag7,mean7,6283.574993177214,41781.89334167137,0.0,0.0,1.8189894035458565e-12,0.0,0.6348396711324144,3.9067056685071653,56
2025-09-16,0,lag7,mean7,6827.80722821429,40968.37779634034,0.0,0.0,7.958078640513122e-13,0.0,0.6161970252990703,3.7919816941481246,56
2025-09-17,0,lag7,mean7,6670.087583915347,42118.50535241239,0.0,0.0,1.8189894035458565e-12,0.0,0.6419457328086374,3.950435278822384,56
2025-09-18,0,lag7,mean7,6799.602514543651,40923.54757908234,0.0,0.0,9.094947017729282e-13,0.0,0.6174937610202701,3.7999616062785853,56
2025-09-19,0,lag7,mean7,6621.135593895499,14872.918289375837,0.0,0.0,1.318767317570746e-11,0.0,0.4667957348900103,2.872589137784679,56
2025-09-20,0,lag7,mean7,7134.986358300268,14661.138080131544,0.0,0.0,3.001332515850663e-11,0.0,0.46061703587619895,2.8345663746227627,56
2025-09-21,0,lag7,mean7,6961.214820006613,43510.064747668046,0.0,0.0,4.547473508864641e-13,0.0,0.6378229249506168,3.925064153542257,56
2025-09-22,0,lag7,mean7,6947.566941904767,42816.99980541814,0.0,7.275957614183426e-12,4.547473508864641e-13,0.0,0.625618142434977,3.8499577995998586,56
2025-09-23,0,lag7,mean7,6530.1276762149755,44739.06251400899,0.0,7.275957614183426e-12,1.8189894035458565e-12,0.0,0.639581148444868,3.935883990429957,56
2025-09-24,0,lag7,mean7,6868.263629933861,43957.56742927042,0.0,0.0,9.094947017729282e-13,0.0,0.6395868714108458,3.9359192086821277,56
2025-09-25,0,lag7,mean7,7059.795160939157,43441.75798080175,0.0,0.0,9.094947017729282e-13,0.0,0.6325139271921548,3.8923933981055683,56
2025-09-26,0,lag7,mean7,7029.407350548943,15288.18777213771,0.0,0.0,2.2737367544323206e-12,0.0,0.48277600456018105,2.9709292588318834,56
2025-09-27,0,lag7,mean7,7219.281684657638,15006.826427937824,0.0,0.0,1.8189894035458565e-12,0.0,0.47808634123534227,2.9420697922174908,56
2025-09-28,0,lag7,mean7,6464.628238941148,45230.92192970817,0.0,0.0,4.547473508864641e-13,0.0,0.6367146999414626,3.918244307332077,56
2025-09-29,0,lag7,mean7,7105.953098544973,46303.96291666527,1.571346631232882e-16,7.275957614183426e-12,1.2505552149377763e-12,0.0,0.6446684654329617,3.9671905565105336,56
2025-09-30,0,lag7,mean7,6842.681770410052,46456.40532064296,0.0,0.0,2.9558577807620168e-12,0.0,0.6450300222247239,3.9694155213829165,56
2025-10-01,0,lag7,mean7,7300.071032070103,46234.99325353383,0.0,0.0,1.8189894035458565e-12,0.0,0.6410326777715728,3.9448164785942943,56
2025-10-02,0,lag7,mean7,9108.253497076721,44370.540312394034,0.0,0.0,4.547473508864641e-13,0.0,0.6420609495795692,3.9511443051050406,56
2025-10-03,0,lag7,mean7,9370.988147685184,13850.322069442174,0.0,0.0,1.1482370609883219e-11,0.0,0.4853674247821648,2.986876460197937,56
2025-10-04,0,lag7,mean7,8883.630579623017,15407.279869270507,0.0,0.0,7.275957614183426e-12,0.0,0.4910942935280117,3.022118729403149,56
2025-10-05,0,lag7,mean7,8912.348743624338,43623.27356576538,0.0,0.0,4.547473508864641e-13,0.0,0.6519586719556408,4.012053365880867,56
2025-10-06,0,lag7,mean7,8668.558657685187,43532.5702030024,0.0,0.0,2.2737367544323206e-13,0.0,0.6497859752746505,3.99868292476708,56
2025-10-07,0,lag7,mean7,8837.210598478838,42906.61635036715,0.0,7.275957614183426e-12,1.819722194188977e-12,0.0,0.6551093409389651,4.031442098085939,56
2025-10-08,0,lag7,mean7,9044.123345853175,37215.038205352874,0.0,0.0,5.684341886080801e-13,0.0,0.6076356917499172,3.739296564614875,56
2025-10-09,0,lag7,mean7,6644.870282976189,38828.79628425929,0.0,7.275957614183426e-12,4.547473508864641e-13,0.0,0.6115033252843873,3.76309738636546,56
2025-10-10,0,lag7,mean7,6430.460673390571,12030.41758127896,0.0,0.0,1.4779288903810084e-11,0.0,0.4560646520925469,2.8065517051849036,56
2025-10-11,0,lag7,mean7,6507.032453374404,13020.262910466052,0.0,0.0,3.774403012357652e-11,0.0,0.4798746800496242,2.9530749541515333,56
2025-10-12,0,lag7,mean7,6640.824169186508,40173.98308104753,0.0,0.0,1.8189894035458565e-12,0.0,0.621636046950915,3.825452596621015,56
2025-10-13,0,lag7,mean7,6328.225849596561,41614.499408424665,0.0,7.275957614183426e-12,4.547473508864641e-13,0.0,0.6356122057884046,3.9114597279286434,56
2025-10-14,0,weekday4,mean7,6774.335907804234,41598.66073394116,0.0,0.0,1.8189894035458565e-12,0.0,0.6453910714188604,3.9716373625776025,56
2025-10-15,0,weekday4,mean7,6326.016335211638,41782.54255970843,0.0,7.275957614183426e-12,1.8189894035458565e-12,0.0,0.6315747427125408,3.886613801307943,56
2025-10-16,0,weekday4,mean7,6616.653120825006,41875.80619533659,0.0,0.0,9.094947017729282e-13,0.0,0.6305423785630642,3.880260791157318,56
2025-10-17,0,weekday4,mean7,6235.603152592592,13585.306272967588,1.8567611392417844e-08,0.0002522466875234386,1.8189894035458565e-12,0.0,0.4733823931138994,2.9131224191624576,56
2025-10-18,0,weekday4,mean7,6614.972593465607,13679.386073677384,0.0,0.0,1.0942358130705543e-11,0.0,0.4849753674221846,2.984463799521136,56
2025-10-19,0,weekday4,mean7,6963.50951376086,43699.00979702881,0.0,7.275957614183426e-12,9.094947017729282e-13,0.0,0.63860923312353,3.9299029730678767,56
2025-10-20,0,weekday4,mean7,6170.394308333335,45059.59950035185,0.0,7.275957614183426e-12,4.547473508864641e-13,0.0,0.6434644491247099,3.9597812253828297,56
2025-10-21,0,weekday4,mean7,6505.972442513226,45521.54530161438,0.0,7.275957614183426e-12,9.094947017729282e-13,0.0,0.6459548650988804,3.9751068621469563,56
2025-10-22,0,weekday4,mean7,6859.602273835978,44925.182702079954,0.0,0.0,1.8189894035458565e-12,0.0,0.6329600686846553,3.895138884213263,56
2025-10-23,0,weekday4,mean7,6408.803727658729,45984.73677256573,0.0,7.275957614183426e-12,1.1368683772161603e-13,0.0,0.6354054583823842,3.910187436199287,56
2025-10-24,0,weekday4,mean7,6743.434498796297,13525.577655172181,0.0,0.0,1.2732925824820995e-11,0.0,0.47426164446352237,2.9185331966985992,56
2025-10-25,0,weekday4,mean7,6577.435197841057,13811.250018821,0.0,0.0,1.8189894035458565e-12,0.0,0.48586127245616745,2.989915522807184,56
2025-10-26,0,weekday4,mean7,6363.0754771362435,47368.90973336218,0.0,0.0,5.684341886080801e-13,0.0,0.6439291297657286,3.9626407985583296,56
2025-10-27,0,weekday4,mean7,6959.275012063489,47117.35859286863,0.0,0.0,4.547473508864641e-13,0.0,0.646236999957466,3.976843076661329,56
2025-10-28,0,weekday4,mean7,6580.750900608467,47331.782054239746,0.0,0.0,2.2737367544323206e-13,0.0,0.6520107493680136,4.012373842264699,56
2025-10-29,0,weekday4,mean7,6779.585308968251,46938.18979731161,0.0,0.0,4.547473508864641e-13,0.0,0.6408453453172284,3.9436636634906357,56
2025-10-30,0,weekday4,mean7,6657.385236739418,47110.638433990396,0.0,0.0,9.094947017729282e-13,0.0,0.6419581781556072,3.950511865572967,56
2025-10-31,0,weekday4,mean7,6554.568489621873,14640.584286366113,0.0,0.0,6.153300091682468e-12,0.0,0.482486949015624,2.969150455480763,56
2025-11-01,0,weekday4,mean7,6817.534118101852,14603.248191403056,1.7667601222938163e-10,2.5800436560530216e-06,9.094947017729282e-13,0.0,0.4949744172253248,3.0459964136943065,56
2025-11-02,0,weekday4,mean7,7084.369005985454,48978.24339637435,0.0,0.0,9.094947017729282e-13,0.0,0.6542699164880721,4.026276409157367,56
2025-11-03,0,weekday4,mean7,6465.284034239418,50318.81246392933,0.0,7.275957614183426e-12,9.094947017729282e-13,0.0,0.6575878901748586,4.046694708768361,56
2025-11-04,0,weekday4,mean7,6807.12231566799,50635.75623167503,0.0,0.0,2.2737367544323206e-13,0.0,0.6639101053951514,4.0856006485855465,56
2025-11-05,0,weekday4,mean7,6308.46870098545,51503.48586905448,0.0,0.0,4.547473508864641e-13,0.0,0.6672573303813877,4.106198956193155,56
2025-11-06,0,weekday4,mean7,6938.204698306881,50478.60257750003,0.0,0.0,4.547473508864641e-13,0.0,0.6634678747714051,4.082879229362493,56
2025-11-07,0,weekday4,mean7,6428.402813677249,15247.187113920205,0.0,0.0,7.275957614183426e-12,0.0,0.5059412012181889,3.1134843151888547,56
2025-11-08,0,weekday4,mean7,6700.735678326722,14914.071590075657,0.0,0.0,1.2683187833317788e-11,0.0,0.5089549314082459,3.132030347127667,56
2025-11-09,0,weekday4,mean7,6591.656475026454,52693.55312911534,0.0,7.275957614183426e-12,7.958078640513122e-12,0.0,0.6745867613133455,4.151303146543665,56
2025-11-10,0,weekday4,mean7,6566.413063766496,52635.932369125316,0.0,0.0,3.296918293926865e-12,0.0,0.6736100856204912,4.145292834587638,56
2025-11-11,0,weekday4,mean7,6364.244333068785,53580.79934219512,0.0,7.275957614183426e-12,2.3874235921539366e-12,0.0,0.6783064814256736,4.174193731850299,56
2025-11-12,0,weekday4,mean7,6768.614723280424,54076.824146083956,0.0,0.0,2.9558577807620168e-12,0.0,0.683769094531939,4.20780981250424,56
2025-11-13,0,weekday4,mean7,6628.625955317463,54378.610789467646,0.0,7.275957614183426e-12,9.094947017729282e-13,0.0,0.6810310261472216,4.190960160905979,56
2025-11-14,0,weekday4,mean7,6766.802874232807,15746.974956046131,0.0,0.0,2.742229084884212e-09,0.0,0.5216492117229391,3.2101489952180864,56
2025-11-15,0,lag7,mean7,6795.864697777787,15520.583816893724,2.459235077726834e-11,3.816876414930448e-07,2.2737367544323206e-11,0.0,0.5325454152390542,3.277202555317256,56
2025-11-16,0,lag7,mean7,6482.998820343916,56399.456240308245,0.0,0.0,1.7394086171407253e-11,0.0,0.6961118857409195,4.283765450713351,56
2025-11-17,0,lag7,mean7,6611.672374288572,57938.9222896957,0.0,7.275957614183426e-12,9.094947017729282e-13,0.0,0.7036414153390119,4.3301010174708425,56
2025-11-18,0,lag7,mean7,6991.6024433664015,56582.960362239435,0.0,0.0,5.623107560965654e-12,0.0,0.6989461951614911,4.301207354839946,56
2025-11-19,0,lag7,mean7,6901.780330370373,56521.978633575694,0.0,0.0,2.9558577807620168e-12,0.0,0.6977686633511228,4.293961005237678,56
2025-11-20,0,lag7,mean7,6418.811419708999,58519.437718349676,0.0,7.275957614183426e-12,2.2396307031158358e-11,0.0,0.7032595546422188,4.327751105490577,56
2025-11-21,0,lag7,mean7,6481.14669224868,15818.119153793736,5.082974540971815e-10,8.04030969447922e-06,7.132598511816468e-09,0.0,0.5424561615707885,3.338191763512544,56
2025-11-22,0,lag7,mean7,6754.893761428575,16317.136996244566,0.0,0.0,1.8189894035458565e-12,0.0,0.5422533224034826,3.3369435224829695,56
2025-11-23,0,lag7,mean7,6636.217791395504,59064.2241540874,0.0,7.275957614183426e-12,2.9558577807620168e-12,0.0,0.7049106303267606,4.337911571241603,56
2025-11-24,0,lag7,mean7,6614.579225109742,57909.29670204377,0.0,0.0,5.684341886080801e-13,0.0,0.7007563987566532,4.312347069271712,56
2025-11-25,0,lag7,mean7,6242.659423300266,59372.84995078876,0.0,0.0,2.0463630789890885e-12,0.0,0.7058893627105133,4.343934539757004,56
2025-11-26,0,lag7,mean7,6471.687226759263,60171.978102989175,0.0,0.0,9.094947017729282e-13,0.0,0.7117644186130144,4.380088729926243,56
2025-11-27,0,lag7,mean7,6884.008385383598,59207.82835745381,0.0,0.0,9.094947017729282e-13,0.0,0.7057067748474479,4.342810922138141,56
2025-11-28,0,lag7,mean7,6711.208031058204,16444.700979434732,0.0,0.0,9.094947017729282e-13,0.0,0.5464070595261616,3.3625049816994563,56
2025-11-29,0,lag7,mean7,6562.0139784126995,17164.765135530997,0.0,0.0,1.8189894035458565e-12,0.0,0.5503841947557044,3.386979660035104,56
2025-11-30,0,lag7,mean7,6761.511797222226,60712.67312204888,0.0,0.0,9.094947017729282e-13,0.0,0.7118350404339846,4.380523325747597,56
2025-12-01,0,lag7,mean7,6598.989207493388,61510.808117547924,0.0,7.275957614183426e-12,4.206412995699793e-12,0.0,0.7079732797777442,4.356758644786118,56
2025-12-02,0,lag7,mean7,6258.031099768518,62070.27049754994,0.0,0.0,5.9117155615240335e-12,0.0,0.7121838888748261,4.382670085383545,56
2025-12-03,0,lag7,mean7,6118.8607646759265,64273.22405528148,0.0,0.0,2.9558577807620168e-12,0.0,0.7189192201814697,4.424118278039813,56
2025-12-04,0,lag7,mean7,5983.409384259259,64524.889931571495,0.0,0.0,5.684341886080801e-13,0.0,0.7186592775962842,4.422518631361749,56
2025-12-05,0,lag7,mean7,6150.449675152118,18734.010226113962,0.0,0.0,1.8189894035458565e-12,0.0,0.5545418874578093,3.4125654612788265,56
2025-12-06,0,lag7,mean7,6315.29945660984,19288.82782090334,0.0,0.0,1.8189894035458565e-12,0.0,0.5697024766993066,3.505861395072656,56
2025-12-07,0,lag7,mean7,6146.083134351851,67321.38788508673,0.0,0.0,7.43854475806408e-12,0.0,0.7313586548223496,4.500668645060613,56
2025-12-08,0,lag7,mean7,6147.468700231481,76991.36895203213,1.8900709815191253e-16,0.0,9.094947017729282e-13,0.0,0.7899108036665957,4.860989561025204,56
2025-12-09,0,lag7,mean7,6675.620742546297,78161.0723680255,0.0,0.0,4.433786671143025e-12,0.0,0.7965220602292321,4.901674216795274,56
2025-12-10,0,lag7,mean7,6706.03384253307,76714.36655713203,0.0,0.0,1.2505552149377763e-12,0.0,0.7936962458362832,4.884284589761743,56
2025-12-11,0,lag7,mean7,6513.15131522487,77207.0223033735,0.0,0.0,9.094947017729282e-13,0.0,0.7876711409195564,4.847207021043424,56
2025-12-12,0,lag7,mean7,6665.271630277783,24580.0681991937,0.0,0.0,6.252776074688882e-12,0.0,0.6278377406105808,3.863616865295882,56
2025-12-13,0,lag7,mean7,6809.870751214405,25734.96769883996,0.0,0.0,2.7284841053187847e-12,0.0,0.6362420581708417,3.9153357425897948,56
2025-12-14,0,lag7,mean7,6835.2674005291,77534.9613313686,0.0,0.0,4.5361048250924796e-11,0.0,0.7915479927425152,4.871064570723171,56
2025-12-15,0,lag7,mean7,6675.8520878636755,77224.20741627624,0.0,0.0,2.6147972675971687e-12,0.0,0.7900723748839221,4.861983845439521,56
2025-12-16,0,lag7,mean7,6622.192349444445,77015.79717436779,0.0,0.0,5.9117155615240335e-12,0.0,0.7876670932887476,4.847182112546139,56
2025-12-17,0,lag7,mean7,6659.801333306879,77777.28200478596,1.8709724553593184e-16,1.4551915228366852e-11,6.252776074688882e-12,0.0,0.7962992906225059,4.9003033269077285,56
2025-12-18,0,lag7,mean7,6580.404309417992,75629.61574075784,0.0,0.0,6.252776074688882e-12,0.0,0.780014867087352,4.80009148976832,56
2025-12-19,0,lag7,mean7,6553.244070383601,25606.49164506422,0.0,0.0,3.751665644813329e-12,0.0,0.6324569053055001,3.892042494187693,56
2025-12-20,0,lag7,mean7,6583.450643240743,25860.55162113015,0.0,0.0,1.1368683772161603e-12,0.0,0.6371692943809537,3.9210418115750993,56
2025-12-21,0,lag7,mean7,6700.81656638783,78162.83018564194,0.0,0.0,3.637978807091713e-12,0.0,0.7989206615240465,4.9164348401479785,56
2025-12-22,0,lag7,mean7,6693.2395160251335,77619.89916945455,0.0,0.0,1.2505552149377763e-12,0.0,0.7932212528103388,4.881361555755931,56
2025-12-23,0,lag7,mean7,6340.7421009029795,77650.19851806092,0.0,0.0,1.2505552149377763e-12,0.0,0.7902138394491812,4.862854396610346,56
2025-12-24,0,lag7,mean7,6757.603296904764,76952.6720888964,0.0,0.0,2.3646862246096134e-11,0.0,0.7882878325842765,4.851002046672471,56
2025-12-25,0,lag7,mean7,6472.438783392858,76113.59774384997,0.0,0.0,1.1254996934439987e-11,0.0,0.7882404392722743,4.850710395521688,56
2025-12-26,0,lag7,mean7,6561.2283334127005,25110.7182826902,0.0,0.0,7.958078640513122e-13,0.0,0.631435587321973,3.885757460442911,56
2025-12-27,0,lag7,mean7,7312.714389067465,24542.634882439237,0.0,0.0,3.183231456205249e-12,0.0,0.6255833812027499,3.849743884324615,56
2025-12-28,0,lag7,mean7,6963.062796395502,76713.32093540225,0.0,0.0,4.547473508864641e-13,0.0,0.787489436749767,4.846088841537028,56
2025-12-29,0,lag7,mean7,6851.77053981481,77390.9419375652,0.0,0.0,1.8189894035458565e-12,0.0,0.7948090734145828,4.891132759474356,56
2025-12-30,0,lag7,mean7,6713.2446608531745,75916.7849602792,0.0,0.0,9.094947017729282e-13,0.0,0.7885701042049169,4.852739102799489,56
2025-12-31,0,lag7,mean7,6610.368468630953,75349.92757992227,0.0,0.0,2.9558577807620168e-12,0.0,0.7843929544705041,4.827033565972332,56
